Workbook

Sheet PRICELIST
B2: SKU CODING | I2: SKU | J2: CATEGORY | K2: DESIGN | L2: ASSEMBLY | M2: FORMATION | N2: SIZE - L | O2: TOP | P2: SCREEN | Q2: DESCRIPTION | R2: POPULAR | S2: 3D | T2: LIST PRICE | U2: NET : 10L = 10% OFF | V2: NET : 10-20L = 15% OFF | W2: NET : 20-40L = 20% OFF | X2: NET : >40L = 30% OFF
I3: WORKSTATIONS
B4: W | C4: FLX | D4: LNR | E4: SH | F4: PB | G4: 900 | H4: F | I4: =CONCATENATE(B4,C4,"-",D4,"-",E4,"-",F4,"-",G4,"-",H4) -> WFLX-LNR-SH-PB-900-F | J4: WORKSTATION | K4: ='MASTER DATA'!B33 -> FLEXI | L4: LINEAR | M4: SHARING | N4: 900 | O4: ='MASTER DATA'!B21 -> PLPB BSL | P4: ='MASTER DATA'!B52 -> FABRIC | Q4: {="Actual size: "&N4&" x 600mm per user"&CHAR(10)&CHAR(10)&"Formation - "&K4&" "&M4&CHAR(10)&CHAR(10)&"Top material: "&INDEX('MASTER DATA'!$D$21:$D$29,MATCH(O4,'MASTER DATA'!$B$21:$B$29,0))&CHAR(10)&"Color specs: TBD"&CHAR(10)&CHAR(10)&"Leg: "&INDEX('MASTER DATA'!$D$33:$D$37,MATCH(K4,'MASTER DATA'!$B$33:$B$37,0))&CHAR(10)&"Color specs: TBD"&CHAR(10)&CHAR(10)&"Electrification: "&'MASTER DATA'!D42&CHAR(10)&"Color specs: TBD"&CHAR(10)&CHAR(10)&"Screen: "&INDEX('MASTER DATA'!$D$52:$D$54,MATCH(P4,'MASTER DATA'!$B$52:$B$54,0))&CHAR(10)&"Color specs: TBD"} -> Actual size: 900 x 600mm per user Formation - FLEXI SHARING Top material: 18MM PRE-LAMINATED PARTICLE BOARD BOTH SIDES LAMINATE WITH EDGEBANDING Color specs: TBD Leg: MS+ALUMINUM LEG WITH POWDER COATING Color specs: TBD Electrification: 450MM XIO FLAP + SWITCH PLATE INSIDE, *switches not in Burosys scope Color specs: TBD Screen: L:6" LESS THAN TOP LENGTH, H400mm, D30mm FABRIC PINUP BOARD WITH ALUMINUM TRIMS Color specs: TBD | S4: RENDER 1 : FLEXI SHARING FABRIC | T4: =INDIRECT("'CALC FLX WST'!R"&(ROW()-3)*7) -> 11200 | U4: =T4*0.9 -> 10080 | V4: =T4*0.85 -> 9520 | W4: =T4*0.8 -> 8960 | X4: =T4*0.7 -> 7840
B5: W | C5: FLX | D5: LNR | E5: SH | F5: PB | G5: 900 | H5: G | I5: =CONCATENATE(B5,C5,"-",D5,"-",E5,"-",F5,"-",G5,"-",H5) -> WFLX-LNR-SH-PB-900-G | J5: WORKSTATION | K5: =K4 -> FLEXI | L5: LINEAR | M5: SHARING | N5: 900 | O5: =O4 -> PLPB BSL | P5: ='MASTER DATA'!B53 -> GLASS | Q5: {="Actual size: "&N5&" x 600mm per user"&CHAR(10)&CHAR(10)&"Formation - "&K5&" "&M5&CHAR(10)&CHAR(10)&"Top material: "&INDEX('MASTER DATA'!$D$21:$D$29,MATCH(O5,'MASTER DATA'!$B$21:$B$29,0))&CHAR(10)&"Color specs: TBD"&CHAR(10)&CHAR(10)&"Leg: "&INDEX('MASTER DATA'!$D$33:$D$37,MATCH(K5,'MASTER DATA'!$B$33:$B$37,0))&CHAR(10)&"Color specs: TBD"&CHAR(10)&CHAR(10)&"Electrification: "&'MASTER DATA'!D43&CHAR(10)&"Color specs: TBD"&CHAR(10)&CHAR(10)&"Screen: "&INDEX('MASTER DATA'!$D$52:$D$54,MATCH(P5,'MASTER DATA'!$B$52:$B$54,0))&CHAR(10)&"Color specs: TBD"} -> Actual size: 900 x 600mm per user Formation - FLEXI SHARING Top material: 18MM PRE-LAMINATED PARTICLE BOARD BOTH SIDES LAMINATE WITH EDGEBANDING Color specs: TBD Leg: MS+ALUMINUM LEG WITH POWDER COATING Color specs: TBD Electrification: Q CURVY POP BOX Color specs: TBD Screen: 4+4MM SANDWICHED BACK PAINTED MAGNETIC GLASS SCREEN Color specs: TBD | S5: RENDER 2 : FLEXI SHARING GLASS | T5: =INDIRECT("'CALC FLX WST'!R"&(ROW()-3)*7) -> 11400 | U5: =T5*0.9 -> 10260 | V5: =T5*0.85 -> 9690 | W5: =T5*0.8 -> 9120 | X5: =T5*0.7 -> 7980
B6: W | C6: FLX | D6: LNR | E6: SH | F6: PB | G6: 900 | H6: X | I6: =CONCATENATE(B6,C6,"-",D6,"-",E6,"-",F6,"-",G6,"-",H6) -> WFLX-LNR-SH-PB-900-X | J6: WORKSTATION | K6: FLEXI | L6: LINEAR | M6: SHARING | N6: 900 | O6: PLPB BSL | P6: ='MASTER DATA'!B54 -> NONE | Q6: {="Actual size: "&N6&" x 600mm per user"&CHAR(10)&CHAR(10)&"Formation - "&K6&" "&M6&CHAR(10)&CHAR(10)&"Top material: "&INDEX('MASTER DATA'!$D$21:$D$29,MATCH(O6,'MASTER DATA'!$B$21:$B$29,0))&CHAR(10)&"Color specs: TBD"&CHAR(10)&CHAR(10)&"Leg: "&INDEX('MASTER DATA'!$D$33:$D$37,MATCH(K6,'MASTER DATA'!$B$33:$B$37,0))&CHAR(10)&"Color specs: TBD"&CHAR(10)&CHAR(10)&"Electrification: "&'MASTER DATA'!D44&CHAR(10)&"Color specs: TBD"&CHAR(10)&CHAR(10)&"Screen: "&INDEX('MASTER DATA'!$D$52:$D$54,MATCH(P6,'MASTER DATA'!$B$52:$B$54,0))&CHAR(10)&"Color specs: TBD"} -> Actual size: 900 x 600mm per user Formation - FLEXI SHARING Top material: 18MM PRE-LAMINATED PARTICLE BOARD BOTH SIDES LAMINATE WITH EDGEBANDING Color specs: TBD Leg: MS+ALUMINUM LEG WITH POWDER COATING Color specs: TBD Electrification: 4+4 SWITCHES WITH SCREEN HOLDER Color specs: TBD Screen: Color specs: TBD | S6: RENDER 3 : FLEXI SHARING NO SCREEN | T6: =INDIRECT("'CALC FLX WST'!R"&(ROW()-3)*7) -> 9500 | U6: =T6*0.9 -> 8550 | V6: =T6*0.85 -> 8075 | W6: =T6*0.8 -> 7600 | X6: =T6*0.7 -> 6650
B7: W | C7: FLX | D7: LNR | E7: SH | F7: PLM | G7: 900 | H7: F | I7: =CONCATENATE(B7,C7,"-",D7,"-",E7,"-",F7,"-",G7,"-",H7) -> WFLX-LNR-SH-PLM-900-F | J7: WORKSTATION | K7: FLEXI | L7: LINEAR | M7: SHARING | N7: 900 | O7: PLMDF BSL | P7: =P4 -> FABRIC | Q7: {="Actual size: "&N7&" x 600mm per user"&CHAR(10)&CHAR(10)&"Formation - "&K7&" "&M7&CHAR(10)&CHAR(10)&"Top material: "&INDEX('MASTER DATA'!$D$21:$D$29,MATCH(O7,'MASTER DATA'!$B$21:$B$29,0))&CHAR(10)&"Color specs: TBD"&CHAR(10)&CHAR(10)&"Leg: "&INDEX('MASTER DATA'!$D$33:$D$37,MATCH(K7,'MASTER DATA'!$B$33:$B$37,0))&CHAR(10)&"Color specs: TBD"&CHAR(10)&CHAR(10)&"Electrification: "&'MASTER DATA'!D45&CHAR(10)&"Color specs: TBD"&CHAR(10)&CHAR(10)&"Screen: "&INDEX('MASTER DATA'!$D$52:$D$54,MATCH(P7,'MASTER DATA'!$B$52:$B$54,0))&CHAR(10)&"Color specs: TBD"} -> Actual size: 900 x 600mm per user Formation - FLEXI SHARING Top material: 18MM PRE-LAMINATED MDF(MEDIUM DESNSITY FIBER) BOARD BOTH SIDES LAMINATE Color specs: TBD Leg: MS+ALUMINUM LEG WITH POWDER COATING Color specs: TBD Electrification: 2 WAY ACCESS FLAP WITH SWITCH PLATE INSIDE Color specs: TBD Screen: L:6" LESS THAN TOP LENGTH, H400mm, D30mm FABRIC PINUP BOARD WITH ALUMINUM TRIMS Color specs: TBD | S7: RENDER 1 : FLEXI SHARING FABRIC | T7: =INDIRECT("'CALC FLX WST'!R"&(ROW()-3)*7) -> 12100 | U7: =T7*0.9 -> 10890 | V7: =T7*0.85 -> 10285 | W7: =T7*0.8 -> 9680 | X7: =T7*0.7 -> 8470
B8: W | C8: FLX | D8: LNR | E8: SH | F8: PLM | G8: 900 | H8: G | I8: =CONCATENATE(B8,C8,"-",D8,"-",E8,"-",F8,"-",G8,"-",H8) -> WFLX-LNR-SH-PLM-900-G | J8: WORKSTATION | K8: FLEXI | L8: LINEAR | M8: SHARING | N8: 900 | O8: PLMDF BSL | P8: =P5 -> GLASS | Q8: {="Actual size: "&N8&" x 600mm per user"&CHAR(10)&CHAR(10)&"Formation - "&K8&" "&M8&CHAR(10)&CHAR(10)&"Top material: "&INDEX('MASTER DATA'!$D$21:$D$29,MATCH(O8,'MASTER DATA'!$B$21:$B$29,0))&CHAR(10)&"Color specs: TBD"&CHAR(10)&CHAR(10)&"Leg: "&INDEX('MASTER DATA'!$D$33:$D$37,MATCH(K8,'MASTER DATA'!$B$33:$B$37,0))&CHAR(10)&"Color specs: TBD"&CHAR(10)&CHAR(10)&"Electrification: "&'MASTER DATA'!D46&CHAR(10)&"Color specs: TBD"&CHAR(10)&CHAR(10)&"Screen: "&INDEX('MASTER DATA'!$D$52:$D$54,MATCH(P8,'MASTER DATA'!$B$52:$B$54,0))&CHAR(10)&"Color specs: TBD"} -> Actual size: 900 x 600mm per user Formation - FLEXI SHARING Top material: 18MM PRE-LAMINATED MDF(MEDIUM DESNSITY FIBER) BOARD BOTH SIDES LAMINATE Color specs: TBD Leg: MS+ALUMINUM LEG WITH POWDER COATING Color specs: TBD Electrification: 100MM VERTICAL BOX Color specs: TBD Screen: 4+4MM SANDWICHED BACK PAINTED MAGNETIC GLASS SCREEN Color specs: TBD | S8: RENDER 2 : FLEXI SHARING GLASS | T8: =INDIRECT("'CALC FLX WST'!R"&(ROW()-3)*7) -> 12300 | U8: =T8*0.9 -> 11070 | V8: =T8*0.85 -> 10455 | W8: =T8*0.8 -> 9840 | X8: =T8*0.7 -> 8610
B9: W | C9: FLX | D9: LNR | E9: SH | F9: PLM | G9: 900 | H9: X | I9: =CONCATENATE(B9,C9,"-",D9,"-",E9,"-",F9,"-",G9,"-",H9) -> WFLX-LNR-SH-PLM-900-X | J9: WORKSTATION | K9: FLEXI | L9: LINEAR | M9: SHARING | N9: 900 | O9: PLMDF BSL | P9: =P6 -> NONE | Q9: {="Actual size: "&N9&" x 600mm per user"&CHAR(10)&CHAR(10)&"Formation - "&K9&" "&M9&CHAR(10)&CHAR(10)&"Top material: "&INDEX('MASTER DATA'!$D$21:$D$29,MATCH(O9,'MASTER DATA'!$B$21:$B$29,0))&CHAR(10)&"Color specs: TBD"&CHAR(10)&CHAR(10)&"Leg: "&INDEX('MASTER DATA'!$D$33:$D$37,MATCH(K9,'MASTER DATA'!$B$33:$B$37,0))&CHAR(10)&"Color specs: TBD"&CHAR(10)&CHAR(10)&"Electrification: "&'MASTER DATA'!D47&CHAR(10)&"Color specs: TBD"&CHAR(10)&CHAR(10)&"Screen: "&INDEX('MASTER DATA'!$D$52:$D$54,MATCH(P9,'MASTER DATA'!$B$52:$B$54,0))&CHAR(10)&"Color specs: TBD"} -> Actual size: 900 x 600mm per user Formation - FLEXI SHARING Top material: 18MM PRE-LAMINATED MDF(MEDIUM DESNSITY FIBER) BOARD BOTH SIDES LAMINATE Color specs: TBD Leg: MS+ALUMINUM LEG WITH POWDER COATING Color specs: TBD Electrification: 450MM VERTICAL BOX Color specs: TBD Screen: Color specs: TBD | S9: RENDER 3 : FLEXI SHARING NO SCREEN | T9: =INDIRECT("'CALC FLX WST'!R"&(ROW()-3)*7) -> 10300 | U9: =T9*0.9 -> 9270 | V9: =T9*0.85 -> 8755 | W9: =T9*0.8 -> 8240 | X9: =T9*0.7 -> 7210
B10: W | C10: FLX | D10: LNR | E10: SH | F10: PoLM | G10: 900 | H10: F | I10: =CONCATENATE(B10,C10,"-",D10,"-",E10,"-",F10,"-",G10,"-",H10) -> WFLX-LNR-SH-PoLM-900-F | J10: WORKSTATION | K10: FLEXI | L10: LINEAR | M10: SHARING | N10: 900 | O10: PoLMDF | P10: FABRIC | Q10: {="Actual size: "&N10&" x 600mm per user"&CHAR(10)&CHAR(10)&"Formation - "&K10&" "&M10&CHAR(10)&CHAR(10)&"Top material: "&INDEX('MASTER DATA'!$D$21:$D$29,MATCH(O10,'MASTER DATA'!$B$21:$B$29,0))&CHAR(10)&"Color specs: TBD"&CHAR(10)&CHAR(10)&"Leg: "&INDEX('MASTER DATA'!$D$33:$D$37,MATCH(K10,'MASTER DATA'!$B$33:$B$37,0))&CHAR(10)&"Color specs: TBD"&CHAR(10)&CHAR(10)&"Electrification: "&'MASTER DATA'!D48&CHAR(10)&"Color specs: TBD"&CHAR(10)&CHAR(10)&"Screen: "&INDEX('MASTER DATA'!$D$52:$D$54,MATCH(P10,'MASTER DATA'!$B$52:$B$54,0))&CHAR(10)&"Color specs: TBD"} -> Actual size: 900 x 600mm per user Formation - FLEXI SHARING Top material: 18MM POST-LAMINATED MDF(MEDIUM DESNSITY FIBER) BOARD BOTH SIDES LAMINATE Color specs: TBD Leg: MS+ALUMINUM LEG WITH POWDER COATING Color specs: TBD Electrification: VERTEBRA SNAKE Color specs: TBD Screen: L:6" LESS THAN TOP LENGTH, H400mm, D30mm FABRIC PINUP BOARD WITH ALUMINUM TRIMS Color specs: TBD | S10: RENDER 1 : FLEXI SHARING FABRIC | T10: =INDIRECT("'CALC FLX WST'!R"&(ROW()-3)*7) -> 16900 | U10: =T10*0.9 -> 15210 | V10: =T10*0.85 -> 14365 | W10: =T10*0.8 -> 13520 | X10: =T10*0.7 -> 11830
B11: W | C11: FLX | D11: LNR | E11: SH | F11: PoLM | G11: 900 | H11: G | I11: =CONCATENATE(B11,C11,"-",D11,"-",E11,"-",F11,"-",G11,"-",H11) -> WFLX-LNR-SH-PoLM-900-G | J11: WORKSTATION | K11: FLEXI | L11: LINEAR | M11: SHARING | N11: 900 | O11: PoLMDF | P11: GLASS | Q11: {="Actual size: "&N11&" x 600mm per user"&CHAR(10)&CHAR(10)&"Formation - "&K11&" "&M11&CHAR(10)&CHAR(10)&"Top material: "&INDEX('MASTER DATA'!$D$21:$D$29,MATCH(O11,'MASTER DATA'!$B$21:$B$29,0))&CHAR(10)&"Color specs: TBD"&CHAR(10)&CHAR(10)&"Leg: "&INDEX('MASTER DATA'!$D$33:$D$37,MATCH(K11,'MASTER DATA'!$B$33:$B$37,0))&CHAR(10)&"Color specs: TBD"&CHAR(10)&CHAR(10)&"Electrification: "&'MASTER DATA'!D49&CHAR(10)&"Color specs: TBD"&CHAR(10)&CHAR(10)&"Screen: "&INDEX('MASTER DATA'!$D$52:$D$54,MATCH(P11,'MASTER DATA'!$B$52:$B$54,0))&CHAR(10)&"Color specs: TBD"} -> Actual size: 900 x 600mm per user Formation - FLEXI SHARING Top material: 18MM POST-LAMINATED MDF(MEDIUM DESNSITY FIBER) BOARD BOTH SIDES LAMINATE Color specs: TBD Leg: MS+ALUMINUM LEG WITH POWDER COATING Color specs: TBD Electrification: Color specs: TBD Screen: 4+4MM SANDWICHED BACK PAINTED MAGNETIC GLASS SCREEN Color specs: TBD | S11: RENDER 2 : FLEXI SHARING GLASS | T11: =INDIRECT("'CALC FLX WST'!R"&(ROW()-3)*7) -> 17200 | U11: =T11*0.9 -> 15480 | V11: =T11*0.85 -> 14620 | W11: =T11*0.8 -> 13760 | X11: =T11*0.7 -> 12040
B12: W | C12: FLX | D12: LNR | E12: SH | F12: PoLM | G12: 900 | H12: X | I12: =CONCATENATE(B12,C12,"-",D12,"-",E12,"-",F12,"-",G12,"-",H12) -> WFLX-LNR-SH-PoLM-900-X | J12: WORKSTATION | K12: FLEXI | L12: LINEAR | M12: SHARING | N12: 900 | O12: PoLMDF | P12: NONE | Q12: {="Actual size: "&N12&" x 600mm per user"&CHAR(10)&CHAR(10)&"Formation - "&K12&" "&M12&CHAR(10)&CHAR(10)&"Top material: "&INDEX('MASTER DATA'!$D$21:$D$29,MATCH(O12,'MASTER DATA'!$B$21:$B$29,0))&CHAR(10)&"Color specs: TBD"&CHAR(10)&CHAR(10)&"Leg: "&INDEX('MASTER DATA'!$D$33:$D$37,MATCH(K12,'MASTER DATA'!$B$33:$B$37,0))&CHAR(10)&"Color specs: TBD"&CHAR(10)&CHAR(10)&"Electrification: "&'MASTER DATA'!D50&CHAR(10)&"Color specs: TBD"&CHAR(10)&CHAR(10)&"Screen: "&INDEX('MASTER DATA'!$D$52:$D$54,MATCH(P12,'MASTER DATA'!$B$52:$B$54,0))&CHAR(10)&"Color specs: TBD"} -> Actual size: 900 x 600mm per user Formation - FLEXI SHARING Top material: 18MM POST-LAMINATED MDF(MEDIUM DESNSITY FIBER) BOARD BOTH SIDES LAMINATE Color specs: TBD Leg: MS+ALUMINUM LEG WITH POWDER COATING Color specs: TBD Electrification: Color specs: TBD Screen: Color specs: TBD | S12: RENDER 3 : FLEXI SHARING NO SCREEN | T12: =INDIRECT("'CALC FLX WST'!R"&(ROW()-3)*7) -> 15200 | U12: =T12*0.9 -> 13680 | V12: =T12*0.85 -> 12920 | W12: =T12*0.8 -> 12160 | X12: =T12*0.7 -> 10640
B13: W | C13: FLX | D13: LNR | E13: SH | F13: LVM | G13: 900 | H13: F | I13: =CONCATENATE(B13,C13,"-",D13,"-",E13,"-",F13,"-",G13,"-",H13) -> WFLX-LNR-SH-LVM-900-F | J13: WORKSTATION | K13: FLEXI | L13: LINEAR | M13: SHARING | N13: 900 | O13: LUVIH-MDF | P13: FABRIC | Q13: {="Actual size: "&N13&" x 600mm per user"&CHAR(10)&CHAR(10)&"Formation - "&K13&" "&M13&CHAR(10)&CHAR(10)&"Top material: "&INDEX('MASTER DATA'!$D$21:$D$29,MATCH(O13,'MASTER DATA'!$B$21:$B$29,0))&CHAR(10)&"Color specs: TBD"&CHAR(10)&CHAR(10)&"Leg: "&INDEX('MASTER DATA'!$D$33:$D$37,MATCH(K13,'MASTER DATA'!$B$33:$B$37,0))&CHAR(10)&"Color specs: TBD"&CHAR(10)&CHAR(10)&"Electrification: "&'MASTER DATA'!D51&CHAR(10)&"Color specs: TBD"&CHAR(10)&CHAR(10)&"Screen: "&INDEX('MASTER DATA'!$D$52:$D$54,MATCH(P13,'MASTER DATA'!$B$52:$B$54,0))&CHAR(10)&"Color specs: TBD"} -> #N/A | S13: RENDER 1 : FLEXI SHARING FABRIC | T13: =INDIRECT("'CALC FLX WST'!R"&(ROW()-3)*7) -> 19100 | U13: =T13*0.9 -> 17190 | V13: =T13*0.85 -> 16235 | W13: =T13*0.8 -> 15280 | X13: =T13*0.7 -> 13370
B14: W | C14: FLX | D14: LNR | E14: SH | F14: LVM | G14: 900 | H14: G | I14: =CONCATENATE(B14,C14,"-",D14,"-",E14,"-",F14,"-",G14,"-",H14) -> WFLX-LNR-SH-LVM-900-G | J14: WORKSTATION | K14: FLEXI | L14: LINEAR | M14: SHARING | N14: 900 | O14: LUVIH-MDF | P14: GLASS | Q14: {="Actual size: "&N14&" x 600mm per user"&CHAR(10)&CHAR(10)&"Formation - "&K14&" "&M14&CHAR(10)&CHAR(10)&"Top material: "&INDEX('MASTER DATA'!$D$21:$D$29,MATCH(O14,'MASTER DATA'!$B$21:$B$29,0))&CHAR(10)&"Color specs: TBD"&CHAR(10)&CHAR(10)&"Leg: "&INDEX('MASTER DATA'!$D$33:$D$37,MATCH(K14,'MASTER DATA'!$B$33:$B$37,0))&CHAR(10)&"Color specs: TBD"&CHAR(10)&CHAR(10)&"Electrification: "&'MASTER DATA'!D52&CHAR(10)&"Color specs: TBD"&CHAR(10)&CHAR(10)&"Screen: "&INDEX('MASTER DATA'!$D$52:$D$54,MATCH(P14,'MASTER DATA'!$B$52:$B$54,0))&CHAR(10)&"Color specs: TBD"} -> #N/A | S14: RENDER 2 : FLEXI SHARING GLASS | T14: =INDIRECT("'CALC FLX WST'!R"&(ROW()-3)*7) -> 19300 | U14: =T14*0.9 -> 17370 | V14: =T14*0.85 -> 16405 | W14: =T14*0.8 -> 15440 | X14: =T14*0.7 -> 13510
B15: W | C15: FLX | D15: LNR | E15: SH | F15: LVM | G15: 900 | H15: X | I15: =CONCATENATE(B15,C15,"-",D15,"-",E15,"-",F15,"-",G15,"-",H15) -> WFLX-LNR-SH-LVM-900-X | J15: WORKSTATION | K15: FLEXI | L15: LINEAR | M15: SHARING | N15: 900 | O15: LUVIH-MDF | P15: NONE | Q15: {="Actual size: "&N15&" x 600mm per user"&CHAR(10)&CHAR(10)&"Formation - "&K15&" "&M15&CHAR(10)&CHAR(10)&"Top material: "&INDEX('MASTER DATA'!$D$21:$D$29,MATCH(O15,'MASTER DATA'!$B$21:$B$29,0))&CHAR(10)&"Color specs: TBD"&CHAR(10)&CHAR(10)&"Leg: "&INDEX('MASTER DATA'!$D$33:$D$37,MATCH(K15,'MASTER DATA'!$B$33:$B$37,0))&CHAR(10)&"Color specs: TBD"&CHAR(10)&CHAR(10)&"Electrification: "&'MASTER DATA'!D53&CHAR(10)&"Color specs: TBD"&CHAR(10)&CHAR(10)&"Screen: "&INDEX('MASTER DATA'!$D$52:$D$54,MATCH(P15,'MASTER DATA'!$B$52:$B$54,0))&CHAR(10)&"Color specs: TBD"} -> #N/A | S15: RENDER 3 : FLEXI SHARING NO SCREEN | T15: =INDIRECT("'CALC FLX WST'!R"&(ROW()-3)*7) -> 17300 | U15: =T15*0.9 -> 15570 | V15: =T15*0.85 -> 14705 | W15: =T15*0.8 -> 13840 | X15: =T15*0.7 -> 12110
B16: W | C16: FLX | D16: LNR | E16: SH | F16: LVP | G16: 900 | H16: F | I16: =CONCATENATE(B16,C16,"-",D16,"-",E16,"-",F16,"-",G16,"-",H16) -> WFLX-LNR-SH-LVP-900-F | J16: WORKSTATION | K16: FLEXI | L16: LINEAR | M16: SHARING | N16: 900 | O16: LUVIH-PLY | P16: FABRIC | Q16: {="Actual size: "&N16&" x 600mm per user"&CHAR(10)&CHAR(10)&"Formation - "&K16&" "&M16&CHAR(10)&CHAR(10)&"Top material: "&INDEX('MASTER DATA'!$D$21:$D$29,MATCH(O16,'MASTER DATA'!$B$21:$B$29,0))&CHAR(10)&"Color specs: TBD"&CHAR(10)&CHAR(10)&"Leg: "&INDEX('MASTER DATA'!$D$33:$D$37,MATCH(K16,'MASTER DATA'!$B$33:$B$37,0))&CHAR(10)&"Color specs: TBD"&CHAR(10)&CHAR(10)&"Electrification: "&'MASTER DATA'!D54&CHAR(10)&"Color specs: TBD"&CHAR(10)&CHAR(10)&"Screen: "&INDEX('MASTER DATA'!$D$52:$D$54,MATCH(P16,'MASTER DATA'!$B$52:$B$54,0))&CHAR(10)&"Color specs: TBD"} -> #N/A | S16: RENDER 1 : FLEXI SHARING FABRIC | T16: =INDIRECT("'CALC FLX WST'!R"&(ROW()-3)*7) -> 20200 | U16: =T16*0.9 -> 18180 | V16: =T16*0.85 -> 17170 | W16: =T16*0.8 -> 16160 | X16: =T16*0.7 -> 14140
B17: W | C17: FLX | D17: LNR | E17: SH | F17: LVP | G17: 900 | H17: G | I17: =CONCATENATE(B17,C17,"-",D17,"-",E17,"-",F17,"-",G17,"-",H17) -> WFLX-LNR-SH-LVP-900-G | J17: WORKSTATION | K17: FLEXI | L17: LINEAR | M17: SHARING | N17: 900 | O17: LUVIH-PLY | P17: GLASS | Q17: {="Actual size: "&N17&" x 600mm per user"&CHAR(10)&CHAR(10)&"Formation - "&K17&" "&M17&CHAR(10)&CHAR(10)&"Top material: "&INDEX('MASTER DATA'!$D$21:$D$29,MATCH(O17,'MASTER DATA'!$B$21:$B$29,0))&CHAR(10)&"Color specs: TBD"&CHAR(10)&CHAR(10)&"Leg: "&INDEX('MASTER DATA'!$D$33:$D$37,MATCH(K17,'MASTER DATA'!$B$33:$B$37,0))&CHAR(10)&"Color specs: TBD"&CHAR(10)&CHAR(10)&"Electrification: "&'MASTER DATA'!D55&CHAR(10)&"Color specs: TBD"&CHAR(10)&CHAR(10)&"Screen: "&INDEX('MASTER DATA'!$D$52:$D$54,MATCH(P17,'MASTER DATA'!$B$52:$B$54,0))&CHAR(10)&"Color specs: TBD"} -> #N/A | S17: RENDER 2 : FLEXI SHARING GLASS | T17: =INDIRECT("'CALC FLX WST'!R"&(ROW()-3)*7) -> 20400 | U17: =T17*0.9 -> 18360 | V17: =T17*0.85 -> 17340 | W17: =T17*0.8 -> 16320 | X17: =T17*0.7 -> 14280
B18: W | C18: FLX | D18: LNR | E18: SH | F18: LVP | G18: 900 | H18: X | I18: =CONCATENATE(B18,C18,"-",D18,"-",E18,"-",F18,"-",G18,"-",H18) -> WFLX-LNR-SH-LVP-900-X | J18: WORKSTATION | K18: FLEXI | L18: LINEAR | M18: SHARING | N18: 900 | O18: LUVIH-PLY | P18: NONE | Q18: {="Actual size: "&N18&" x 600mm per user"&CHAR(10)&CHAR(10)&"Formation - "&K18&" "&M18&CHAR(10)&CHAR(10)&"Top material: "&INDEX('MASTER DATA'!$D$21:$D$29,MATCH(O18,'MASTER DATA'!$B$21:$B$29,0))&CHAR(10)&"Color specs: TBD"&CHAR(10)&CHAR(10)&"Leg: "&INDEX('MASTER DATA'!$D$33:$D$37,MATCH(K18,'MASTER DATA'!$B$33:$B$37,0))&CHAR(10)&"Color specs: TBD"&CHAR(10)&CHAR(10)&"Electrification: "&'MASTER DATA'!D56&CHAR(10)&"Color specs: TBD"&CHAR(10)&CHAR(10)&"Screen: "&INDEX('MASTER DATA'!$D$52:$D$54,MATCH(P18,'MASTER DATA'!$B$52:$B$54,0))&CHAR(10)&"Color specs: TBD"} -> #N/A | S18: RENDER 3 : FLEXI SHARING NO SCREEN | T18: =INDIRECT("'CALC FLX WST'!R"&(ROW()-3)*7) -> 18400 | U18: =T18*0.9 -> 16560 | V18: =T18*0.85 -> 15640 | W18: =T18*0.8 -> 14720 | X18: =T18*0.7 -> 12880
B19: W | C19: FLX | D19: LNR | E19: SH | F19: MB | G19: 900 | H19: F | I19: =CONCATENATE(B19,C19,"-",D19,"-",E19,"-",F19,"-",G19,"-",H19) -> WFLX-LNR-SH-MB-900-F | J19: WORKSTATION | K19: FLEXI | L19: LINEAR | M19: SHARING | N19: 900 | O19: MEMBRANE | P19: FABRIC | Q19: {="Actual size: "&N19&" x 600mm per user"&CHAR(10)&CHAR(10)&"Formation - "&K19&" "&M19&CHAR(10)&CHAR(10)&"Top material: "&INDEX('MASTER DATA'!$D$21:$D$29,MATCH(O19,'MASTER DATA'!$B$21:$B$29,0))&CHAR(10)&"Color specs: TBD"&CHAR(10)&CHAR(10)&"Leg: "&INDEX('MASTER DATA'!$D$33:$D$37,MATCH(K19,'MASTER DATA'!$B$33:$B$37,0))&CHAR(10)&"Color specs: TBD"&CHAR(10)&CHAR(10)&"Electrification: "&'MASTER DATA'!D57&CHAR(10)&"Color specs: TBD"&CHAR(10)&CHAR(10)&"Screen: "&INDEX('MASTER DATA'!$D$52:$D$54,MATCH(P19,'MASTER DATA'!$B$52:$B$54,0))&CHAR(10)&"Color specs: TBD"} -> Actual size: 900 x 600mm per user Formation - FLEXI SHARING Top material: 25MM GERMAN MEMBRANE ON POST-LAMINATED MDF(MEDIUM DESNSITY FIBER) BOARD Color specs: TBD Leg: MS+ALUMINUM LEG WITH POWDER COATING Color specs: TBD Electrification: FULL NAME Color specs: TBD Screen: L:6" LESS THAN TOP LENGTH, H400mm, D30mm FABRIC PINUP BOARD WITH ALUMINUM TRIMS Color specs: TBD | S19: RENDER 1 : FLEXI SHARING FABRIC | T19: =INDIRECT("'CALC FLX WST'!R"&(ROW()-3)*7) -> 26400 | U19: =T19*0.9 -> 23760 | V19: =T19*0.85 -> 22440 | W19: =T19*0.8 -> 21120 | X19: =T19*0.7 -> 18480
B20: W | C20: FLX | D20: LNR | E20: SH | F20: MB | G20: 900 | H20: G | I20: =CONCATENATE(B20,C20,"-",D20,"-",E20,"-",F20,"-",G20,"-",H20) -> WFLX-LNR-SH-MB-900-G | J20: WORKSTATION | K20: FLEXI | L20: LINEAR | M20: SHARING | N20: 900 | O20: MEMBRANE | P20: GLASS | Q20: {="Actual size: "&N20&" x 600mm per user"&CHAR(10)&CHAR(10)&"Formation - "&K20&" "&M20&CHAR(10)&CHAR(10)&"Top material: "&INDEX('MASTER DATA'!$D$21:$D$29,MATCH(O20,'MASTER DATA'!$B$21:$B$29,0))&CHAR(10)&"Color specs: TBD"&CHAR(10)&CHAR(10)&"Leg: "&INDEX('MASTER DATA'!$D$33:$D$37,MATCH(K20,'MASTER DATA'!$B$33:$B$37,0))&CHAR(10)&"Color specs: TBD"&CHAR(10)&CHAR(10)&"Electrification: "&'MASTER DATA'!D58&CHAR(10)&"Color specs: TBD"&CHAR(10)&CHAR(10)&"Screen: "&INDEX('MASTER DATA'!$D$52:$D$54,MATCH(P20,'MASTER DATA'!$B$52:$B$54,0))&CHAR(10)&"Color specs: TBD"} -> Actual size: 900 x 600mm per user Formation - FLEXI SHARING Top material: 25MM GERMAN MEMBRANE ON POST-LAMINATED MDF(MEDIUM DESNSITY FIBER) BOARD Color specs: TBD Leg: MS+ALUMINUM LEG WITH POWDER COATING Color specs: TBD Electrification: PLPB/PLMDF SIDE UNIT WITH STANDARD LOCK Color specs: TBD Screen: 4+4MM SANDWICHED BACK PAINTED MAGNETIC GLASS SCREEN Color specs: TBD | S20: RENDER 2 : FLEXI SHARING GLASS | T20: =INDIRECT("'CALC FLX WST'!R"&(ROW()-3)*7) -> 26600 | U20: =T20*0.9 -> 23940 | V20: =T20*0.85 -> 22610 | W20: =T20*0.8 -> 21280 | X20: =T20*0.7 -> 18620
B21: W | C21: FLX | D21: LNR | E21: SH | F21: MB | G21: 900 | H21: X | I21: =CONCATENATE(B21,C21,"-",D21,"-",E21,"-",F21,"-",G21,"-",H21) -> WFLX-LNR-SH-MB-900-X | J21: WORKSTATION | K21: FLEXI | L21: LINEAR | M21: SHARING | N21: 900 | O21: MEMBRANE | P21: NONE | Q21: {="Actual size: "&N21&" x 600mm per user"&CHAR(10)&CHAR(10)&"Formation - "&K21&" "&M21&CHAR(10)&CHAR(10)&"Top material: "&INDEX('MASTER DATA'!$D$21:$D$29,MATCH(O21,'MASTER DATA'!$B$21:$B$29,0))&CHAR(10)&"Color specs: TBD"&CHAR(10)&CHAR(10)&"Leg: "&INDEX('MASTER DATA'!$D$33:$D$37,MATCH(K21,'MASTER DATA'!$B$33:$B$37,0))&CHAR(10)&"Color specs: TBD"&CHAR(10)&CHAR(10)&"Electrification: "&'MASTER DATA'!D59&CHAR(10)&"Color specs: TBD"&CHAR(10)&CHAR(10)&"Screen: "&INDEX('MASTER DATA'!$D$52:$D$54,MATCH(P21,'MASTER DATA'!$B$52:$B$54,0))&CHAR(10)&"Color specs: TBD"} -> Actual size: 900 x 600mm per user Formation - FLEXI SHARING Top material: 25MM GERMAN MEMBRANE ON POST-LAMINATED MDF(MEDIUM DESNSITY FIBER) BOARD Color specs: TBD Leg: MS+ALUMINUM LEG WITH POWDER COATING Color specs: TBD Electrification: LUVIH FACIA UNITS WITH DIGILOCK Color specs: TBD Screen: Color specs: TBD | S21: RENDER 3 : FLEXI SHARING NO SCREEN | T21: =INDIRECT("'CALC FLX WST'!R"&(ROW()-3)*7) -> 24600 | U21: =T21*0.9 -> 22140 | V21: =T21*0.85 -> 20910 | W21: =T21*0.8 -> 19680 | X21: =T21*0.7 -> 17220
B22: W | C22: FLX | D22: LNR | E22: SH | F22: PB | G22: 1200 | H22: F | I22: =CONCATENATE(B22,C22,"-",D22,"-",E22,"-",F22,"-",G22,"-",H22) -> WFLX-LNR-SH-PB-1200-F | J22: WORKSTATION | K22: FLEXI | L22: LINEAR | M22: SHARING | N22: 1200 | O22: PLPB BSL | P22: FABRIC | Q22: {="Actual size: "&N22&" x 600mm per user"&CHAR(10)&CHAR(10)&"Formation - "&K22&" "&M22&CHAR(10)&CHAR(10)&"Top material: "&INDEX('MASTER DATA'!$D$21:$D$29,MATCH(O22,'MASTER DATA'!$B$21:$B$29,0))&CHAR(10)&"Color specs: TBD"&CHAR(10)&CHAR(10)&"Leg: "&INDEX('MASTER DATA'!$D$33:$D$37,MATCH(K22,'MASTER DATA'!$B$33:$B$37,0))&CHAR(10)&"Color specs: TBD"&CHAR(10)&CHAR(10)&"Electrification: "&'MASTER DATA'!D60&CHAR(10)&"Color specs: TBD"&CHAR(10)&CHAR(10)&"Screen: "&INDEX('MASTER DATA'!$D$52:$D$54,MATCH(P22,'MASTER DATA'!$B$52:$B$54,0))&CHAR(10)&"Color specs: TBD"} -> Actual size: 1200 x 600mm per user Formation - FLEXI SHARING Top material: 18MM PRE-LAMINATED PARTICLE BOARD BOTH SIDES LAMINATE WITH EDGEBANDING Color specs: TBD Leg: MS+ALUMINUM LEG WITH POWDER COATING Color specs: TBD Electrification: Color specs: TBD Screen: L:6" LESS THAN TOP LENGTH, H400mm, D30mm FABRIC PINUP BOARD WITH ALUMINUM TRIMS Color specs: TBD | S22: RENDER 1 : FLEXI SHARING FABRIC | T22: =INDIRECT("'CALC FLX WST'!R"&(ROW()-3)*7) -> 13000 | U22: =T22*0.9 -> 11700 | V22: =T22*0.85 -> 11050 | W22: =T22*0.8 -> 10400 | X22: =T22*0.7 -> 9100
B23: W | C23: FLX | D23: LNR | E23: SH | F23: PB | G23: 1200 | H23: G | I23: =CONCATENATE(B23,C23,"-",D23,"-",E23,"-",F23,"-",G23,"-",H23) -> WFLX-LNR-SH-PB-1200-G | J23: WORKSTATION | K23: FLEXI | L23: LINEAR | M23: SHARING | N23: 1200 | O23: PLPB BSL | P23: GLASS | Q23: {="Actual size: "&N23&" x 600mm per user"&CHAR(10)&CHAR(10)&"Formation - "&K23&" "&M23&CHAR(10)&CHAR(10)&"Top material: "&INDEX('MASTER DATA'!$D$21:$D$29,MATCH(O23,'MASTER DATA'!$B$21:$B$29,0))&CHAR(10)&"Color specs: TBD"&CHAR(10)&CHAR(10)&"Leg: "&INDEX('MASTER DATA'!$D$33:$D$37,MATCH(K23,'MASTER DATA'!$B$33:$B$37,0))&CHAR(10)&"Color specs: TBD"&CHAR(10)&CHAR(10)&"Electrification: "&'MASTER DATA'!D61&CHAR(10)&"Color specs: TBD"&CHAR(10)&CHAR(10)&"Screen: "&INDEX('MASTER DATA'!$D$52:$D$54,MATCH(P23,'MASTER DATA'!$B$52:$B$54,0))&CHAR(10)&"Color specs: TBD"} -> Actual size: 1200 x 600mm per user Formation - FLEXI SHARING Top material: 18MM PRE-LAMINATED PARTICLE BOARD BOTH SIDES LAMINATE WITH EDGEBANDING Color specs: TBD Leg: MS+ALUMINUM LEG WITH POWDER COATING Color specs: TBD Electrification: Color specs: TBD Screen: 4+4MM SANDWICHED BACK PAINTED MAGNETIC GLASS SCREEN Color specs: TBD | R23: STD1 | S23: RENDER 2 : FLEXI SHARING GLASS | T23: =INDIRECT("'CALC FLX WST'!R"&(ROW()-3)*7) -> 13300 | U23: =T23*0.9 -> 11970 | V23: =T23*0.85 -> 11305 | W23: =T23*0.8 -> 10640 | X23: =T23*0.7 -> 9310
B24: W | C24: FLX | D24: LNR | E24: SH | F24: PB | G24: 1200 | H24: X | I24: =CONCATENATE(B24,C24,"-",D24,"-",E24,"-",F24,"-",G24,"-",H24) -> WFLX-LNR-SH-PB-1200-X | J24: WORKSTATION | K24: FLEXI | L24: LINEAR | M24: SHARING | N24: 1200 | O24: PLPB BSL | P24: NONE | Q24: {="Actual size: "&N24&" x 600mm per user"&CHAR(10)&CHAR(10)&"Formation - "&K24&" "&M24&CHAR(10)&CHAR(10)&"Top material: "&INDEX('MASTER DATA'!$D$21:$D$29,MATCH(O24,'MASTER DATA'!$B$21:$B$29,0))&CHAR(10)&"Color specs: TBD"&CHAR(10)&CHAR(10)&"Leg: "&INDEX('MASTER DATA'!$D$33:$D$37,MATCH(K24,'MASTER DATA'!$B$33:$B$37,0))&CHAR(10)&"Color specs: TBD"&CHAR(10)&CHAR(10)&"Electrification: "&'MASTER DATA'!D62&CHAR(10)&"Color specs: TBD"&CHAR(10)&CHAR(10)&"Screen: "&INDEX('MASTER DATA'!$D$52:$D$54,MATCH(P24,'MASTER DATA'!$B$52:$B$54,0))&CHAR(10)&"Color specs: TBD"} -> Actual size: 1200 x 600mm per user Formation - FLEXI SHARING Top material: 18MM PRE-LAMINATED PARTICLE BOARD BOTH SIDES LAMINATE WITH EDGEBANDING Color specs: TBD Leg: MS+ALUMINUM LEG WITH POWDER COATING Color specs: TBD Electrification: Color specs: TBD Screen: Color specs: TBD | S24: RENDER 3 : FLEXI SHARING NO SCREEN | T24: =INDIRECT("'CALC FLX WST'!R"&(ROW()-3)*7) -> 10700 | U24: =T24*0.9 -> 9630 | V24: =T24*0.85 -> 9095 | W24: =T24*0.8 -> 8560 | X24: =T24*0.7 -> 7490
B25: W | C25: FLX | D25: LNR | E25: SH | F25: PLM | G25: 1200 | H25: F | I25: =CONCATENATE(B25,C25,"-",D25,"-",E25,"-",F25,"-",G25,"-",H25) -> WFLX-LNR-SH-PLM-1200-F | J25: WORKSTATION | K25: FLEXI | L25: LINEAR | M25: SHARING | N25: 1200 | O25: PLMDF BSL | P25: FABRIC | S25: RENDER 1 : FLEXI SHARING FABRIC | T25: =INDIRECT("'CALC FLX WST'!R"&(ROW()-3)*7) -> 14100 | U25: =T25*0.9 -> 12690 | V25: =T25*0.85 -> 11985 | W25: =T25*0.8 -> 11280 | X25: =T25*0.7 -> 9870
B26: W | C26: FLX | D26: LNR | E26: SH | F26: PLM | G26: 1200 | H26: G | I26: =CONCATENATE(B26,C26,"-",D26,"-",E26,"-",F26,"-",G26,"-",H26) -> WFLX-LNR-SH-PLM-1200-G | J26: WORKSTATION | K26: FLEXI | L26: LINEAR | M26: SHARING | N26: 1200 | O26: PLMDF BSL | P26: GLASS | Q26: {="Actual size: "&N26&" x 600mm per user"&CHAR(10)&CHAR(10)&"Formation - "&K26&" "&M26&CHAR(10)&CHAR(10)&"Top material: "&INDEX('MASTER DATA'!$D$21:$D$29,MATCH(O26,'MASTER DATA'!$B$21:$B$29,0))&CHAR(10)&"Color specs: TBD"&CHAR(10)&CHAR(10)&"Leg: "&INDEX('MASTER DATA'!$D$33:$D$37,MATCH(K26,'MASTER DATA'!$B$33:$B$37,0))&CHAR(10)&"Color specs: TBD"&CHAR(10)&CHAR(10)&"Electrification: "&'MASTER DATA'!D64&CHAR(10)&"Color specs: TBD"&CHAR(10)&CHAR(10)&"Screen: "&INDEX('MASTER DATA'!$D$52:$D$54,MATCH(P26,'MASTER DATA'!$B$52:$B$54,0))&CHAR(10)&"Color specs: TBD"} -> Actual size: 1200 x 600mm per user Formation - FLEXI SHARING Top material: 18MM PRE-LAMINATED MDF(MEDIUM DESNSITY FIBER) BOARD BOTH SIDES LAMINATE Color specs: TBD Leg: MS+ALUMINUM LEG WITH POWDER COATING Color specs: TBD Electrification: Color specs: TBD Screen: 4+4MM SANDWICHED BACK PAINTED MAGNETIC GLASS SCREEN Color specs: TBD | S26: RENDER 2 : FLEXI SHARING GLASS | T26: =INDIRECT("'CALC FLX WST'!R"&(ROW()-3)*7) -> 14400 | U26: =T26*0.9 -> 12960 | V26: =T26*0.85 -> 12240 | W26: =T26*0.8 -> 11520 | X26: =T26*0.7 -> 10080
B27: W | C27: FLX | D27: LNR | E27: SH | F27: PLM | G27: 1200 | H27: X | I27: =CONCATENATE(B27,C27,"-",D27,"-",E27,"-",F27,"-",G27,"-",H27) -> WFLX-LNR-SH-PLM-1200-X | J27: WORKSTATION | K27: FLEXI | L27: LINEAR | M27: SHARING | N27: 1200 | O27: PLMDF BSL | P27: NONE | Q27: {="Actual size: "&N27&" x 600mm per user"&CHAR(10)&CHAR(10)&"Formation - "&K27&" "&M27&CHAR(10)&CHAR(10)&"Top material: "&INDEX('MASTER DATA'!$D$21:$D$29,MATCH(O27,'MASTER DATA'!$B$21:$B$29,0))&CHAR(10)&"Color specs: TBD"&CHAR(10)&CHAR(10)&"Leg: "&INDEX('MASTER DATA'!$D$33:$D$37,MATCH(K27,'MASTER DATA'!$B$33:$B$37,0))&CHAR(10)&"Color specs: TBD"&CHAR(10)&CHAR(10)&"Electrification: "&'MASTER DATA'!D65&CHAR(10)&"Color specs: TBD"&CHAR(10)&CHAR(10)&"Screen: "&INDEX('MASTER DATA'!$D$52:$D$54,MATCH(P27,'MASTER DATA'!$B$52:$B$54,0))&CHAR(10)&"Color specs: TBD"} -> Actual size: 1200 x 600mm per user Formation - FLEXI SHARING Top material: 18MM PRE-LAMINATED MDF(MEDIUM DESNSITY FIBER) BOARD BOTH SIDES LAMINATE Color specs: TBD Leg: MS+ALUMINUM LEG WITH POWDER COATING Color specs: TBD Electrification: Color specs: TBD Screen: Color specs: TBD | S27: RENDER 3 : FLEXI SHARING NO SCREEN | T27: =INDIRECT("'CALC FLX WST'!R"&(ROW()-3)*7) -> 11800 | U27: =T27*0.9 -> 10620 | V27: =T27*0.85 -> 10030 | W27: =T27*0.8 -> 9440 | X27: =T27*0.7 -> 8260
B28: W | C28: FLX | D28: LNR | E28: SH | F28: PoLM | G28: 1200 | H28: F | I28: =CONCATENATE(B28,C28,"-",D28,"-",E28,"-",F28,"-",G28,"-",H28) -> WFLX-LNR-SH-PoLM-1200-F | J28: WORKSTATION | K28: FLEXI | L28: LINEAR | M28: SHARING | N28: 1200 | O28: PoLMDF | P28: FABRIC | Q28: {="Actual size: "&N28&" x 600mm per user"&CHAR(10)&CHAR(10)&"Formation - "&K28&" "&M28&CHAR(10)&CHAR(10)&"Top material: "&INDEX('MASTER DATA'!$D$21:$D$29,MATCH(O28,'MASTER DATA'!$B$21:$B$29,0))&CHAR(10)&"Color specs: TBD"&CHAR(10)&CHAR(10)&"Leg: "&INDEX('MASTER DATA'!$D$33:$D$37,MATCH(K28,'MASTER DATA'!$B$33:$B$37,0))&CHAR(10)&"Color specs: TBD"&CHAR(10)&CHAR(10)&"Electrification: "&'MASTER DATA'!D66&CHAR(10)&"Color specs: TBD"&CHAR(10)&CHAR(10)&"Screen: "&INDEX('MASTER DATA'!$D$52:$D$54,MATCH(P28,'MASTER DATA'!$B$52:$B$54,0))&CHAR(10)&"Color specs: TBD"} -> Actual size: 1200 x 600mm per user Formation - FLEXI SHARING Top material: 18MM POST-LAMINATED MDF(MEDIUM DESNSITY FIBER) BOARD BOTH SIDES LAMINATE Color specs: TBD Leg: MS+ALUMINUM LEG WITH POWDER COATING Color specs: TBD Electrification: Color specs: TBD Screen: L:6" LESS THAN TOP LENGTH, H400mm, D30mm FABRIC PINUP BOARD WITH ALUMINUM TRIMS Color specs: TBD | S28: RENDER 1 : FLEXI SHARING FABRIC | T28: =INDIRECT("'CALC FLX WST'!R"&(ROW()-3)*7) -> 20600 | U28: =T28*0.9 -> 18540 | V28: =T28*0.85 -> 17510 | W28: =T28*0.8 -> 16480 | X28: =T28*0.7 -> 14420
B29: W | C29: FLX | D29: LNR | E29: SH | F29: PoLM | G29: 1200 | H29: G | I29: =CONCATENATE(B29,C29,"-",D29,"-",E29,"-",F29,"-",G29,"-",H29) -> WFLX-LNR-SH-PoLM-1200-G | J29: WORKSTATION | K29: FLEXI | L29: LINEAR | M29: SHARING | N29: 1200 | O29: PoLMDF | P29: GLASS | Q29: {="Actual size: "&N29&" x 600mm per user"&CHAR(10)&CHAR(10)&"Formation - "&K29&" "&M29&CHAR(10)&CHAR(10)&"Top material: "&INDEX('MASTER DATA'!$D$21:$D$29,MATCH(O29,'MASTER DATA'!$B$21:$B$29,0))&CHAR(10)&"Color specs: TBD"&CHAR(10)&CHAR(10)&"Leg: "&INDEX('MASTER DATA'!$D$33:$D$37,MATCH(K29,'MASTER DATA'!$B$33:$B$37,0))&CHAR(10)&"Color specs: TBD"&CHAR(10)&CHAR(10)&"Electrification: "&'MASTER DATA'!D67&CHAR(10)&"Color specs: TBD"&CHAR(10)&CHAR(10)&"Screen: "&INDEX('MASTER DATA'!$D$52:$D$54,MATCH(P29,'MASTER DATA'!$B$52:$B$54,0))&CHAR(10)&"Color specs: TBD"} -> Actual size: 1200 x 600mm per user Formation - FLEXI SHARING Top material: 18MM POST-LAMINATED MDF(MEDIUM DESNSITY FIBER) BOARD BOTH SIDES LAMINATE Color specs: TBD Leg: MS+ALUMINUM LEG WITH POWDER COATING Color specs: TBD Electrification: Color specs: TBD Screen: 4+4MM SANDWICHED BACK PAINTED MAGNETIC GLASS SCREEN Color specs: TBD | S29: RENDER 2 : FLEXI SHARING GLASS | T29: =INDIRECT("'CALC FLX WST'!R"&(ROW()-3)*7) -> 20900 | U29: =T29*0.9 -> 18810 | V29: =T29*0.85 -> 17765 | W29: =T29*0.8 -> 16720 | X29: =T29*0.7 -> 14630
B30: W | C30: FLX | D30: LNR | E30: SH | F30: PoLM | G30: 1200 | H30: X | I30: =CONCATENATE(B30,C30,"-",D30,"-",E30,"-",F30,"-",G30,"-",H30) -> WFLX-LNR-SH-PoLM-1200-X | J30: WORKSTATION | K30: FLEXI | L30: LINEAR | M30: SHARING | N30: 1200 | O30: PoLMDF | P30: NONE | Q30: {="Actual size: "&N30&" x 600mm per user"&CHAR(10)&CHAR(10)&"Formation - "&K30&" "&M30&CHAR(10)&CHAR(10)&"Top material: "&INDEX('MASTER DATA'!$D$21:$D$29,MATCH(O30,'MASTER DATA'!$B$21:$B$29,0))&CHAR(10)&"Color specs: TBD"&CHAR(10)&CHAR(10)&"Leg: "&INDEX('MASTER DATA'!$D$33:$D$37,MATCH(K30,'MASTER DATA'!$B$33:$B$37,0))&CHAR(10)&"Color specs: TBD"&CHAR(10)&CHAR(10)&"Electrification: "&'MASTER DATA'!D68&CHAR(10)&"Color specs: TBD"&CHAR(10)&CHAR(10)&"Screen: "&INDEX('MASTER DATA'!$D$52:$D$54,MATCH(P30,'MASTER DATA'!$B$52:$B$54,0))&CHAR(10)&"Color specs: TBD"} -> Actual size: 1200 x 600mm per user Formation - FLEXI SHARING Top material: 18MM POST-LAMINATED MDF(MEDIUM DESNSITY FIBER) BOARD BOTH SIDES LAMINATE Color specs: TBD Leg: MS+ALUMINUM LEG WITH POWDER COATING Color specs: TBD Electrification: Color specs: TBD Screen: Color specs: TBD | S30: RENDER 3 : FLEXI SHARING NO SCREEN | T30: =INDIRECT("'CALC FLX WST'!R"&(ROW()-3)*7) -> 18300 | U30: =T30*0.9 -> 16470 | V30: =T30*0.85 -> 15555 | W30: =T30*0.8 -> 14640 | X30: =T30*0.7 -> 12810
B31: W | C31: FLX | D31: LNR | E31: SH | F31: LVM | G31: 1200 | H31: F | I31: =CONCATENATE(B31,C31,"-",D31,"-",E31,"-",F31,"-",G31,"-",H31) -> WFLX-LNR-SH-LVM-1200-F | J31: WORKSTATION | K31: FLEXI | L31: LINEAR | M31: SHARING | N31: 1200 | O31: LUVIH-MDF | P31: FABRIC | S31: RENDER 1 : FLEXI SHARING FABRIC | T31: =INDIRECT("'CALC FLX WST'!R"&(ROW()-3)*7) -> 23500 | U31: =T31*0.9 -> 21150 | V31: =T31*0.85 -> 19975 | W31: =T31*0.8 -> 18800 | X31: =T31*0.7 -> 16450
B32: W | C32: FLX | D32: LNR | E32: SH | F32: LVM | G32: 1200 | H32: G | I32: =CONCATENATE(B32,C32,"-",D32,"-",E32,"-",F32,"-",G32,"-",H32) -> WFLX-LNR-SH-LVM-1200-G | J32: WORKSTATION | K32: FLEXI | L32: LINEAR | M32: SHARING | N32: 1200 | O32: LUVIH-MDF | P32: GLASS | S32: RENDER 2 : FLEXI SHARING GLASS | T32: =INDIRECT("'CALC FLX WST'!R"&(ROW()-3)*7) -> 23800 | U32: =T32*0.9 -> 21420 | V32: =T32*0.85 -> 20230 | W32: =T32*0.8 -> 19040 | X32: =T32*0.7 -> 16660
B33: W | C33: FLX | D33: LNR | E33: SH | F33: LVM | G33: 1200 | H33: X | I33: =CONCATENATE(B33,C33,"-",D33,"-",E33,"-",F33,"-",G33,"-",H33) -> WFLX-LNR-SH-LVM-1200-X | J33: WORKSTATION | K33: FLEXI | L33: LINEAR | M33: SHARING | N33: 1200 | O33: LUVIH-MDF | P33: NONE | S33: RENDER 3 : FLEXI SHARING NO SCREEN | T33: =INDIRECT("'CALC FLX WST'!R"&(ROW()-3)*7) -> 21200 | U33: =T33*0.9 -> 19080 | V33: =T33*0.85 -> 18020 | W33: =T33*0.8 -> 16960 | X33: =T33*0.7 -> 14840
B34: W | C34: FLX | D34: LNR | E34: SH | F34: LVP | G34: 1200 | H34: F | I34: =CONCATENATE(B34,C34,"-",D34,"-",E34,"-",F34,"-",G34,"-",H34) -> WFLX-LNR-SH-LVP-1200-F | J34: WORKSTATION | K34: FLEXI | L34: LINEAR | M34: SHARING | N34: 1200 | O34: LUVIH-PLY | P34: FABRIC | S34: RENDER 1 : FLEXI SHARING FABRIC | T34: =INDIRECT("'CALC FLX WST'!R"&(ROW()-3)*7) -> 24900 | U34: =T34*0.9 -> 22410 | V34: =T34*0.85 -> 21165 | W34: =T34*0.8 -> 19920 | X34: =T34*0.7 -> 17430
B35: W | C35: FLX | D35: LNR | E35: SH | F35: LVP | G35: 1200 | H35: G | I35: =CONCATENATE(B35,C35,"-",D35,"-",E35,"-",F35,"-",G35,"-",H35) -> WFLX-LNR-SH-LVP-1200-G | J35: WORKSTATION | K35: FLEXI | L35: LINEAR | M35: SHARING | N35: 1200 | O35: LUVIH-PLY | P35: GLASS | S35: RENDER 2 : FLEXI SHARING GLASS | T35: =INDIRECT("'CALC FLX WST'!R"&(ROW()-3)*7) -> 25200 | U35: =T35*0.9 -> 22680 | V35: =T35*0.85 -> 21420 | W35: =T35*0.8 -> 20160 | X35: =T35*0.7 -> 17640
B36: W | C36: FLX | D36: LNR | E36: SH | F36: LVP | G36: 1200 | H36: X | I36: =CONCATENATE(B36,C36,"-",D36,"-",E36,"-",F36,"-",G36,"-",H36) -> WFLX-LNR-SH-LVP-1200-X | J36: WORKSTATION | K36: FLEXI | L36: LINEAR | M36: SHARING | N36: 1200 | O36: LUVIH-PLY | P36: NONE | S36: RENDER 3 : FLEXI SHARING NO SCREEN | T36: =INDIRECT("'CALC FLX WST'!R"&(ROW()-3)*7) -> 22600 | U36: =T36*0.9 -> 20340 | V36: =T36*0.85 -> 19210 | W36: =T36*0.8 -> 18080 | X36: =T36*0.7 -> 15820
B37: W | C37: FLX | D37: LNR | E37: SH | F37: MB | G37: 1200 | H37: F | I37: =CONCATENATE(B37,C37,"-",D37,"-",E37,"-",F37,"-",G37,"-",H37) -> WFLX-LNR-SH-MB-1200-F | J37: WORKSTATION | K37: FLEXI | L37: LINEAR | M37: SHARING | N37: 1200 | O37: MEMBRANE | P37: FABRIC | S37: RENDER 1 : FLEXI SHARING FABRIC | T37: =INDIRECT("'CALC FLX WST'!R"&(ROW()-3)*7) -> 33200 | U37: =T37*0.9 -> 29880 | V37: =T37*0.85 -> 28220 | W37: =T37*0.8 -> 26560 | X37: =T37*0.7 -> 23240
B38: W | C38: FLX | D38: LNR | E38: SH | F38: MB | G38: 1200 | H38: G | I38: =CONCATENATE(B38,C38,"-",D38,"-",E38,"-",F38,"-",G38,"-",H38) -> WFLX-LNR-SH-MB-1200-G | J38: WORKSTATION | K38: FLEXI | L38: LINEAR | M38: SHARING | N38: 1200 | O38: MEMBRANE | P38: GLASS | S38: RENDER 2 : FLEXI SHARING GLASS | T38: =INDIRECT("'CALC FLX WST'!R"&(ROW()-3)*7) -> 33500 | U38: =T38*0.9 -> 30150 | V38: =T38*0.85 -> 28475 | W38: =T38*0.8 -> 26800 | X38: =T38*0.7 -> 23450
B39: W | C39: FLX | D39: LNR | E39: SH | F39: MB | G39: 1200 | H39: X | I39: =CONCATENATE(B39,C39,"-",D39,"-",E39,"-",F39,"-",G39,"-",H39) -> WFLX-LNR-SH-MB-1200-X | J39: WORKSTATION | K39: FLEXI | L39: LINEAR | M39: SHARING | N39: 1200 | O39: MEMBRANE | P39: NONE | S39: RENDER 3 : FLEXI SHARING NO SCREEN | T39: =INDIRECT("'CALC FLX WST'!R"&(ROW()-3)*7) -> 30900 | U39: =T39*0.9 -> 27810 | V39: =T39*0.85 -> 26265 | W39: =T39*0.8 -> 24720 | X39: =T39*0.7 -> 21630
B40: W | C40: FLX | D40: LNR | E40: SH | F40: PB | G40: 1500 | H40: F | I40: =CONCATENATE(B40,C40,"-",D40,"-",E40,"-",F40,"-",G40,"-",H40) -> WFLX-LNR-SH-PB-1500-F | J40: WORKSTATION | K40: FLEXI | L40: LINEAR | M40: SHARING | N40: 1500 | O40: PLPB BSL | P40: FABRIC | S40: RENDER 1 : FLEXI SHARING FABRIC | T40: =INDIRECT("'CALC FLX WST'!R"&(ROW()-3)*7) -> 14700 | U40: =T40*0.9 -> 13230 | V40: =T40*0.85 -> 12495 | W40: =T40*0.8 -> 11760 | X40: =T40*0.7 -> 10290
B41: W | C41: FLX | D41: LNR | E41: SH | F41: PB | G41: 1500 | H41: G | I41: =CONCATENATE(B41,C41,"-",D41,"-",E41,"-",F41,"-",G41,"-",H41) -> WFLX-LNR-SH-PB-1500-G | J41: WORKSTATION | K41: FLEXI | L41: LINEAR | M41: SHARING | N41: 1500 | O41: PLPB BSL | P41: GLASS | S41: RENDER 2 : FLEXI SHARING GLASS | T41: =INDIRECT("'CALC FLX WST'!R"&(ROW()-3)*7) -> 15200 | U41: =T41*0.9 -> 13680 | V41: =T41*0.85 -> 12920 | W41: =T41*0.8 -> 12160 | X41: =T41*0.7 -> 10640
B42: W | C42: FLX | D42: LNR | E42: SH | F42: PB | G42: 1500 | H42: X | I42: =CONCATENATE(B42,C42,"-",D42,"-",E42,"-",F42,"-",G42,"-",H42) -> WFLX-LNR-SH-PB-1500-X | J42: WORKSTATION | K42: FLEXI | L42: LINEAR | M42: SHARING | N42: 1500 | O42: PLPB BSL | P42: NONE | S42: RENDER 3 : FLEXI SHARING NO SCREEN | T42: =INDIRECT("'CALC FLX WST'!R"&(ROW()-3)*7) -> 11900 | U42: =T42*0.9 -> 10710 | V42: =T42*0.85 -> 10115 | W42: =T42*0.8 -> 9520 | X42: =T42*0.7 -> 8330
... B165: W | C165: FLX | D165: LNR | E165: S | F165: MB | G165: 1500 | H165: X | I165: =CONCATENATE(B165,C165,"-",D165,"-",E165,"-",F165,"-",G165,"-",H165) -> WFLX-LNR-S-MB-1500-X | J165: WORKSTATION | K165: FLEXI | L165: LINEAR | M165: SINGLE | N165: 1500 | O165: MEMBRANE | P165: NONE | S165: RENDER 9 : FLEXI SINGLE NO SCREEN | T165: =INDIRECT("'CALC FLX WST'!R"&(ROW()-3)*7) -> 66200 | U165: =T165*0.9 -> 59580 | V165: =T165*0.85 -> 56270 | W165: =T165*0.8 -> 52960 | X165: =T165*0.7 -> 46340
B166: W | C166: FLX | D166: LSHP | E166: SH | F166: PB | G166: 1500 | H166: F | I166: =CONCATENATE(B166,C166,"-",D166,"-",E166,"-",F166,"-",G166,"-",H166) -> WFLX-LSHP-SH-PB-1500-F | J166: WORKSTATION | K166: FLEXI | L166: L SHAPED-W/SU | M166: SHARING + | N166: 1500 X 1500 | O166: PLPB BSL | P166: FABRIC | S166: RENDER 10 | T166: =INDIRECT("'CALC FLX WST'!R"&(ROW()-3)*7) -> 29900 | U166: =T166*0.9 -> 26910 | V166: =T166*0.85 -> 25415 | W166: =T166*0.8 -> 23920 | X166: =T166*0.7 -> 20930
B181: W | C181: FLX | D181: LSHP | E181: SH | F181: PB | G181: 1500 | H181: G | I181: =CONCATENATE(B181,C181,"-",D181,"-",E181,"-",F181,"-",G181,"-",H181) -> WFLX-LSHP-SH-PB-1500-G | J181: WORKSTATION | K181: FLEXI | L181: L SHAPED-W/SU | M181: SHARING T | N181: 1501 X 1500 | O181: PLPB BSL | P181: GLASS | S181: RENDER 11 | T181: =INDIRECT("'CALC FLX WST'!R"&(ROW()-3)*7) -> 55200 | U181: =T181*0.9 -> 49680 | V181: =T181*0.85 -> 46920 | W181: =T181*0.8 -> 44160 | X181: =T181*0.7 -> 38640
B182: W | C182: FLX | D182: LSHP | E182: SH | F182: PB | G182: 1500 | H182: X | I182: =CONCATENATE(B182,C182,"-",D182,"-",E182,"-",F182,"-",G182,"-",H182) -> WFLX-LSHP-SH-PB-1500-X | J182: WORKSTATION | K182: FLEXI | L182: L SHAPED-W/SU | M182: SHARING U | N182: 1502 X 1500 | O182: PLPB BSL | P182: NONE | S182: RENDER 12 | T182: =INDIRECT("'CALC FLX WST'!R"&(ROW()-3)*7) -> 55600 | U182: =T182*0.9 -> 50040 | V182: =T182*0.85 -> 47260 | W182: =T182*0.8 -> 44480 | X182: =T182*0.7 -> 38920
B183: W | C183: FLX | D183: LSHP | E183: SH | F183: PLM | G183: 1500 | H183: F | M183: SINGLE USER | N183: 1503 X 1500 | O183: PLPB BSL | S183: RENDER 10 | T183: =INDIRECT("'CALC FLX WST'!R"&(ROW()-3)*7) -> 52300 | U183: =T183*0.9 -> 47070 | V183: =T183*0.85 -> 44455 | W183: =T183*0.8 -> 41840 | X183: =T183*0.7 -> 36610
B184: W | C184: FLX | D184: LSHP | E184: SH | F184: PLM | G184: 1500 | H184: G | S184: RENDER 11 | T184: =INDIRECT("'CALC FLX WST'!R"&(ROW()-3)*7) -> 58000 | U184: =T184*0.9 -> 52200 | V184: =T184*0.85 -> 49300 | W184: =T184*0.8 -> 46400 | X184: =T184*0.7 -> 40600
B185: W | C185: FLX | D185: LSHP | E185: SH | F185: PLM | G185: 1500 | H185: X | S185: RENDER 12 | T185: =INDIRECT("'CALC FLX WST'!R"&(ROW()-3)*7) -> 58900 | U185: =T185*0.9 -> 53010 | V185: =T185*0.85 -> 50065 | W185: =T185*0.8 -> 47120 | X185: =T185*0.7 -> 41230
B186: W | C186: FLX | D186: LSHP | E186: SH | F186: PoLM | G186: 1500 | H186: F | S186: RENDER 10 | T186: =INDIRECT("'CALC FLX WST'!R"&(ROW()-3)*7) -> 52300 | U186: =T186*0.9 -> 47070 | V186: =T186*0.85 -> 44455 | W186: =T186*0.8 -> 41840 | X186: =T186*0.7 -> 36610
B187: W | C187: FLX | D187: LSHP | E187: SH | F187: PoLM | G187: 1500 | H187: G | S187: RENDER 11 | T187: =INDIRECT("'CALC FLX WST'!R"&(ROW()-3)*7) -> 60200 | U187: =T187*0.9 -> 54180 | V187: =T187*0.85 -> 51170 | W187: =T187*0.8 -> 48160 | X187: =T187*0.7 -> 42140
B188: W | C188: FLX | D188: LSHP | E188: SH | F188: PoLM | G188: 1500 | H188: X | S188: RENDER 12 | T188: =INDIRECT("'CALC FLX WST'!R"&(ROW()-3)*7) -> 61000 | U188: =T188*0.9 -> 54900 | V188: =T188*0.85 -> 51850 | W188: =T188*0.8 -> 48800 | X188: =T188*0.7 -> 42700
B189: W | C189: FLX | D189: LSHP | E189: SH | F189: LVM | G189: 1500 | H189: F | S189: RENDER 10 | T189: =INDIRECT("'CALC FLX WST'!R"&(ROW()-3)*7) -> 54400 | U189: =T189*0.9 -> 48960 | V189: =T189*0.85 -> 46240 | W189: =T189*0.8 -> 43520 | X189: =T189*0.7 -> 38080
B190: W | C190: FLX | D190: LSHP | E190: SH | F190: LVM | G190: 1500 | H190: G | S190: RENDER 11 | T190: =INDIRECT("'CALC FLX WST'!R"&(ROW()-3)*7) -> 52100 | U190: =T190*0.9 -> 46890 | V190: =T190*0.85 -> 44285 | W190: =T190*0.8 -> 41680 | X190: =T190*0.7 -> 36470
B191: W | C191: FLX | D191: LSHP | E191: SH | F191: LVM | G191: 1500 | H191: X | S191: RENDER 12 | T191: =INDIRECT("'CALC FLX WST'!R"&(ROW()-3)*7) -> 52900 | U191: =T191*0.9 -> 47610 | V191: =T191*0.85 -> 44965 | W191: =T191*0.8 -> 42320 | X191: =T191*0.7 -> 37030
B192: W | C192: FLX | D192: LSHP | E192: SH | F192: LVP | G192: 1500 | H192: F | S192: RENDER 10 | T192: =INDIRECT("'CALC FLX WST'!R"&(ROW()-3)*7) -> 46300 | U192: =T192*0.9 -> 41670 | V192: =T192*0.85 -> 39355 | W192: =T192*0.8 -> 37040 | X192: =T192*0.7 -> 32410
B193: W | C193: FLX | D193: LSHP | E193: SH | F193: LVP | G193: 1500 | H193: G | S193: RENDER 11 | T193: =INDIRECT("'CALC FLX WST'!R"&(ROW()-3)*7) -> 77700 | U193: =T193*0.9 -> 69930 | V193: =T193*0.85 -> 66045 | W193: =T193*0.8 -> 62160 | X193: =T193*0.7 -> 54390
B194: W | C194: FLX | D194: LSHP | E194: SH | F194: LVP | G194: 1500 | H194: X | S194: RENDER 12 | T194: =INDIRECT("'CALC FLX WST'!R"&(ROW()-3)*7) -> 78600 | U194: =T194*0.9 -> 70740 | V194: =T194*0.85 -> 66810 | W194: =T194*0.8 -> 62880 | X194: =T194*0.7 -> 55020
B195: W | C195: FLX | D195: LSHP | E195: SH | F195: MB | G195: 1500 | H195: F | S195: RENDER 10 | T195: =INDIRECT("'CALC FLX WST'!R"&(ROW()-3)*7) -> 72000 | U195: =T195*0.9 -> 64800 | V195: =T195*0.85 -> 61200 | W195: =T195*0.8 -> 57600 | X195: =T195*0.7 -> 50400
... B197: W | C197: FLX | D197: LSHP | E197: SH | F197: MB | G197: 1500 | H197: X | S197: RENDER 12 | T197: =INDIRECT("'CALC FLX WST'!R"&(ROW()-3)*7) -> 81300 | U197: =T197*0.9 -> 73170 | V197: =T197*0.85 -> 69105 | W197: =T197*0.8 -> 65040 | X197: =T197*0.7 -> 56910
B198: W | C198: FLX | D198: LSHP | E198: NSH | F198: PB | G198: 1500 | H198: F | I198: =CONCATENATE(B198,C198,"-",D198,"-",E198,"-",F198,"-",G198,"-",H198) -> WFLX-LSHP-NSH-PB-1500-F | J198: WORKSTATION | K198: FLEXI | L198: L SHAPED-W/SU | M198: NON SHARING | N198: 1500 | O198: PLPB BSL | P198: FABRIC | S198: RENDER 13 | T198: =INDIRECT("'CALC FLX WST'!R"&(ROW()-3)*7) -> 74700 | U198: =T198*0.9 -> 67230 | V198: =T198*0.85 -> 63495 | W198: =T198*0.8 -> 59760 | X198: =T198*0.7 -> 52290
B199: W | C199: FLX | D199: LSHP | E199: NSH | F199: PB | G199: 1500 | H199: G | I199: =CONCATENATE(B199,C199,"-",D199,"-",E199,"-",F199,"-",G199,"-",H199) -> WFLX-LSHP-NSH-PB-1500-G | J199: WORKSTATION | K199: FLEXI | L199: L SHAPED-W/SU | M199: NON SHARING | N199: 1500 | O199: PLPB BSL | P199: GLASS | S199: RENDER 14 | T199: =INDIRECT("'CALC FLX WST'!R"&(ROW()-3)*7) -> 96000 | U199: =T199*0.9 -> 86400 | V199: =T199*0.85 -> 81600 | W199: =T199*0.8 -> 76800 | X199: =T199*0.7 -> 67200
B200: W | C200: FLX | D200: LSHP | E200: NSH | F200: PB | G200: 1500 | H200: X | I200: =CONCATENATE(B200,C200,"-",D200,"-",E200,"-",F200,"-",G200,"-",H200) -> WFLX-LSHP-NSH-PB-1500-X | J200: WORKSTATION | K200: FLEXI | L200: L SHAPED-W/SU | M200: NON SHARING | N200: 1500 | O200: PLPB BSL | P200: NONE | S200: RENDER 15 | T200: =INDIRECT("'CALC FLX WST'!R"&(ROW()-3)*7) -> 96800 | U200: =T200*0.9 -> 87120 | V200: =T200*0.85 -> 82280 | W200: =T200*0.8 -> 77440 | X200: =T200*0.7 -> 67760
S201: RENDER 13 | T201: =INDIRECT("'CALC FLX WST'!R"&(ROW()-3)*7) -> 90200 | U201: =T201*0.9 -> 81180 | V201: =T201*0.85 -> 76670 | W201: =T201*0.8 -> 72160 | X201: =T201*0.7 -> 63140
S202: RENDER 14 | T202: =INDIRECT("'CALC FLX WST'!R"&(ROW()-3)*7) -> 0 | U202: =T202*0.9 -> 0 | V202: =T202*0.85 -> 0 | W202: =T202*0.8 -> 0 | X202: =T202*0.7 -> 0
S203: RENDER 15 | T203: =INDIRECT("'CALC FLX WST'!R"&(ROW()-3)*7) -> 0 | U203: =T203*0.9 -> 0 | V203: =T203*0.85 -> 0 | W203: =T203*0.8 -> 0 | X203: =T203*0.7 -> 0
S204: RENDER 13 | T204: =INDIRECT("'CALC FLX WST'!R"&(ROW()-3)*7) -> 0 | U204: =T204*0.9 -> 0 | V204: =T204*0.85 -> 0 | W204: =T204*0.8 -> 0 | X204: =T204*0.7 -> 0
S205: RENDER 14 | T205: =INDIRECT("'CALC FLX WST'!R"&(ROW()-3)*7) -> 0 | U205: =T205*0.9 -> 0 | V205: =T205*0.85 -> 0 | W205: =T205*0.8 -> 0 | X205: =T205*0.7 -> 0
S206: RENDER 15 | T206: =INDIRECT("'CALC FLX WST'!R"&(ROW()-3)*7) -> 0 | U206: =T206*0.9 -> 0 | V206: =T206*0.85 -> 0 | W206: =T206*0.8 -> 0 | X206: =T206*0.7 -> 0
S207: RENDER 13 | T207: =INDIRECT("'CALC FLX WST'!R"&(ROW()-3)*7) -> 0 | U207: =T207*0.9 -> 0 | V207: =T207*0.85 -> 0 | W207: =T207*0.8 -> 0 | X207: =T207*0.7 -> 0
S208: RENDER 14 | T208: =INDIRECT("'CALC FLX WST'!R"&(ROW()-3)*7) -> 0 | U208: =T208*0.9 -> 0 | V208: =T208*0.85 -> 0 | W208: =T208*0.8 -> 0 | X208: =T208*0.7 -> 0
S209: RENDER 15 | T209: =INDIRECT("'CALC FLX WST'!R"&(ROW()-3)*7) -> 0 | U209: =T209*0.9 -> 0 | V209: =T209*0.85 -> 0 | W209: =T209*0.8 -> 0 | X209: =T209*0.7 -> 0
S210: RENDER 13 | T210: =INDIRECT("'CALC FLX WST'!R"&(ROW()-3)*7) -> 0 | U210: =T210*0.9 -> 0 | V210: =T210*0.85 -> 0 | W210: =T210*0.8 -> 0 | X210: =T210*0.7 -> 0
S211: RENDER 14 | T211: =INDIRECT("'CALC FLX WST'!R"&(ROW()-3)*7) -> 0 | U211: =T211*0.9 -> 0 | V211: =T211*0.85 -> 0 | W211: =T211*0.8 -> 0 | X211: =T211*0.7 -> 0
S212: RENDER 15 | T212: =INDIRECT("'CALC FLX WST'!R"&(ROW()-3)*7) -> 0 | U212: =T212*0.9 -> 0 | V212: =T212*0.85 -> 0 | W212: =T212*0.8 -> 0 | X212: =T212*0.7 -> 0
... S215: RENDER 15 | T215: =INDIRECT("'CALC FLX WST'!R"&(ROW()-3)*7) -> 0 | U215: =T215*0.9 -> 0 | V215: =T215*0.85 -> 0 | W215: =T215*0.8 -> 0 | X215: =T215*0.7 -> 0
B216: W | C216: STK | D216: LNR | E216: SH | F216: PB | G216: 900 | H216: F | I216: =CONCATENATE(B216,C216,"-",D216,"-",E216,"-",F216,"-",G216,"-",H216) -> WSTK-LNR-SH-PB-900-F | J216: WORKSTATION | K216: STARTEK | L216: LINEAR | M216: SHARING | N216: 900 | O216: PLPB BSL | P216: FABRIC | T216: =INDIRECT("'CALC STK WST'!R"&(ROW()-201)*7) -> 19800 | U216: =T216*0.9 -> 17820 | V216: =T216*0.85 -> 16830 | W216: =T216*0.8 -> 15840 | X216: =T216*0.7 -> 13860
B217: W | C217: STK | D217: LNR | E217: SH | F217: PB | G217: 900 | H217: G | I217: =CONCATENATE(B217,C217,"-",D217,"-",E217,"-",F217,"-",G217,"-",H217) -> WSTK-LNR-SH-PB-900-G | J217: WORKSTATION | K217: STARTEK | L217: LINEAR | M217: SHARING | N217: 900 | O217: PLPB BSL | P217: GLASS | T217: =INDIRECT("'CALC STK WST'!R"&(ROW()-201)*7) -> 27800 | U217: =T217*0.9 -> 25020 | V217: =T217*0.85 -> 23630 | W217: =T217*0.8 -> 22240 | X217: =T217*0.7 -> 19460
B218: W | C218: STK | D218: LNR | E218: SH | F218: PB | G218: 900 | H218: X | I218: =CONCATENATE(B218,C218,"-",D218,"-",E218,"-",F218,"-",G218,"-",H218) -> WSTK-LNR-SH-PB-900-X | J218: WORKSTATION | K218: STARTEK | L218: LINEAR | M218: SHARING | N218: 900 | O218: PLPB BSL | P218: NONE | T218: =INDIRECT("'CALC STK WST'!R"&(ROW()-201)*7) -> 28000 | U218: =T218*0.9 -> 25200 | V218: =T218*0.85 -> 23800 | W218: =T218*0.8 -> 22400 | X218: =T218*0.7 -> 19600
B219: W | C219: STK | D219: LNR | E219: SH | F219: PLM | G219: 900 | H219: F | I219: =CONCATENATE(B219,C219,"-",D219,"-",E219,"-",F219,"-",G219,"-",H219) -> WSTK-LNR-SH-PLM-900-F | J219: WORKSTATION | K219: STARTEK | L219: LINEAR | M219: SHARING | N219: 900 | O219: PLMDF BSL | P219: FABRIC | T219: =INDIRECT("'CALC STK WST'!R"&(ROW()-201)*7) -> 26000 | U219: =T219*0.9 -> 23400 | V219: =T219*0.85 -> 22100 | W219: =T219*0.8 -> 20800 | X219: =T219*0.7 -> 18200
B220: W | C220: STK | D220: LNR | E220: SH | F220: PLM | G220: 900 | H220: G | I220: =CONCATENATE(B220,C220,"-",D220,"-",E220,"-",F220,"-",G220,"-",H220) -> WSTK-LNR-SH-PLM-900-G | J220: WORKSTATION | K220: STARTEK | L220: LINEAR | M220: SHARING | N220: 900 | O220: PLMDF BSL | P220: GLASS | T220: =INDIRECT("'CALC STK WST'!R"&(ROW()-201)*7) -> 14400 | U220: =T220*0.9 -> 12960 | V220: =T220*0.85 -> 12240 | W220: =T220*0.8 -> 11520 | X220: =T220*0.7 -> 10080
B221: W | C221: STK | D221: LNR | E221: SH | F221: PLM | G221: 900 | H221: X | I221: =CONCATENATE(B221,C221,"-",D221,"-",E221,"-",F221,"-",G221,"-",H221) -> WSTK-LNR-SH-PLM-900-X | J221: WORKSTATION | K221: STARTEK | L221: LINEAR | M221: SHARING | N221: 900 | O221: PLMDF BSL | P221: NONE | T221: =INDIRECT("'CALC STK WST'!R"&(ROW()-201)*7) -> 14700 | U221: =T221*0.9 -> 13230 | V221: =T221*0.85 -> 12495 | W221: =T221*0.8 -> 11760 | X221: =T221*0.7 -> 10290
B222: W | C222: STK | D222: LNR | E222: SH | F222: PoLM | G222: 900 | H222: F | I222: =CONCATENATE(B222,C222,"-",D222,"-",E222,"-",F222,"-",G222,"-",H222) -> WSTK-LNR-SH-PoLM-900-F | J222: WORKSTATION | K222: STARTEK | L222: LINEAR | M222: SHARING | N222: 900 | O222: PoLMDF | P222: FABRIC | T222: =INDIRECT("'CALC STK WST'!R"&(ROW()-201)*7) -> 12100 | U222: =T222*0.9 -> 10890 | V222: =T222*0.85 -> 10285 | W222: =T222*0.8 -> 9680 | X222: =T222*0.7 -> 8470
B223: W | C223: STK | D223: LNR | E223: SH | F223: PoLM | G223: 900 | H223: G | I223: =CONCATENATE(B223,C223,"-",D223,"-",E223,"-",F223,"-",G223,"-",H223) -> WSTK-LNR-SH-PoLM-900-G | J223: WORKSTATION | K223: STARTEK | L223: LINEAR | M223: SHARING | N223: 900 | O223: PoLMDF | P223: GLASS | T223: =INDIRECT("'CALC STK WST'!R"&(ROW()-201)*7) -> 15500 | U223: =T223*0.9 -> 13950 | V223: =T223*0.85 -> 13175 | W223: =T223*0.8 -> 12400 | X223: =T223*0.7 -> 10850
B224: W | C224: STK | D224: LNR | E224: SH | F224: PoLM | G224: 900 | H224: X | I224: =CONCATENATE(B224,C224,"-",D224,"-",E224,"-",F224,"-",G224,"-",H224) -> WSTK-LNR-SH-PoLM-900-X | J224: WORKSTATION | K224: STARTEK | L224: LINEAR | M224: SHARING | N224: 900 | O224: PoLMDF | P224: NONE | T224: =INDIRECT("'CALC STK WST'!R"&(ROW()-201)*7) -> 15800 | U224: =T224*0.9 -> 14220 | V224: =T224*0.85 -> 13430 | W224: =T224*0.8 -> 12640 | X224: =T224*0.7 -> 11060
B225: W | C225: STK | D225: LNR | E225: SH | F225: LVM | G225: 900 | H225: F | I225: =CONCATENATE(B225,C225,"-",D225,"-",E225,"-",F225,"-",G225,"-",H225) -> WSTK-LNR-SH-LVM-900-F | J225: WORKSTATION | K225: STARTEK | L225: LINEAR | M225: SHARING | N225: 900 | O225: LUVIH-MDF | P225: FABRIC | T225: =INDIRECT("'CALC STK WST'!R"&(ROW()-201)*7) -> 13200 | U225: =T225*0.9 -> 11880 | V225: =T225*0.85 -> 11220 | W225: =T225*0.8 -> 10560 | X225: =T225*0.7 -> 9240
B226: W | C226: STK | D226: LNR | E226: SH | F226: LVM | G226: 900 | H226: G | I226: =CONCATENATE(B226,C226,"-",D226,"-",E226,"-",F226,"-",G226,"-",H226) -> WSTK-LNR-SH-LVM-900-G | J226: WORKSTATION | K226: STARTEK | L226: LINEAR | M226: SHARING | N226: 900 | O226: LUVIH-MDF | P226: GLASS | T226: =INDIRECT("'CALC STK WST'!R"&(ROW()-201)*7) -> 22000 | U226: =T226*0.9 -> 19800 | V226: =T226*0.85 -> 18700 | W226: =T226*0.8 -> 17600 | X226: =T226*0.7 -> 15400
B227: W | C227: STK | D227: LNR | E227: SH | F227: LVM | G227: 900 | H227: X | I227: =CONCATENATE(B227,C227,"-",D227,"-",E227,"-",F227,"-",G227,"-",H227) -> WSTK-LNR-SH-LVM-900-X | J227: WORKSTATION | K227: STARTEK | L227: LINEAR | M227: SHARING | N227: 900 | O227: LUVIH-MDF | P227: NONE | T227: =INDIRECT("'CALC STK WST'!R"&(ROW()-201)*7) -> 22300 | U227: =T227*0.9 -> 20070 | V227: =T227*0.85 -> 18955 | W227: =T227*0.8 -> 17840 | X227: =T227*0.7 -> 15610
... B413: W | C413: STK | D413: LSHP | E413: NSH | F413: MB | G413: 1500 | H413: X | I413: =CONCATENATE(B413,C413,"-",D413,"-",E413,"-",F413,"-",G413,"-",H413) -> WSTK-LSHP-NSH-MB-1500-X | J413: WORKSTATION | K413: STARTEK | L413: L SHAPED | M413: NON SHARING | N413: 1500 | O413: MEMBRANE | P413: NONE | T413: =INDIRECT("'CALC STK WST'!R"&(ROW()-201)*7) -> 0 | U413: =T413*0.9 -> 0 | V413: =T413*0.85 -> 0 | W413: =T413*0.8 -> 0 | X413: =T413*0.7 -> 0
B414: W | C414: PNL | D414: LNR | E414: SH | F414: PB | G414: =N414 -> 1200 | I414: =CONCATENATE(B414,C414,"-",D414,"-",E414,"-",F414,"-",G414) -> WPNL-LNR-SH-PB-1200 | J414: WORKSTATION | K414: PANEL BASED | L414: LINEAR | M414: SHARING | N414: 1200 | O414: PLPB BSL | P414: STANDARD | T414: ='CALC PANEL WST'!K7 -> 25200
B415: W | C415: PNL | D415: LNR | E415: NSH | F415: PB | G415: =N415 -> 1200 | I415: =CONCATENATE(B415,C415,"-",D415,"-",E415,"-",F415,"-",G415) -> WPNL-LNR-NSH-PB-1200 | J415: WORKSTATION | K415: PANEL BASED | L415: LINEAR | M415: NON SHARING | N415: 1200 | O415: PLPB BSL | P415: STANDARD | T415: ='CALC PANEL WST'!K14 -> 30500
B416: W | C416: PNL | D416: LNR | E416: SU | F416: PB | G416: =N416 -> 1200 | I416: =CONCATENATE(B416,C416,"-",D416,"-",E416,"-",F416,"-",G416) -> WPNL-LNR-SU-PB-1200 | J416: WORKSTATION | K416: PANEL BASED | L416: LINEAR | M416: SINGLE USER | N416: 1200 | O416: PLPB BSL | P416: STANDARD | T416: ='CALC PANEL WST'!K21 -> 40600
B417: W | C417: PNL | D417: LNR | E417: SH | F417: PB | G417: =N417 -> 1500 | I417: =CONCATENATE(B417,C417,"-",D417,"-",E417,"-",F417,"-",G417) -> WPNL-LNR-SH-PB-1500 | J417: WORKSTATION | K417: PANEL BASED | L417: LINEAR | M417: SHARING | N417: 1500 | O417: PLPB BSL | P417: STANDARD | T417: ='CALC PANEL WST'!K28 -> 28400
B418: W | C418: PNL | D418: LNR | E418: NSH | F418: PB | G418: =N418 -> 1500 | I418: =CONCATENATE(B418,C418,"-",D418,"-",E418,"-",F418,"-",G418) -> WPNL-LNR-NSH-PB-1500 | J418: WORKSTATION | K418: PANEL BASED | L418: LINEAR | M418: NON SHARING | N418: 1500 | O418: PLPB BSL | P418: STANDARD | T418: ='CALC PANEL WST'!K35 -> 36000
B419: W | C419: PNL | D419: LNR | E419: SU | F419: PB | G419: =N419 -> 1500 | I419: =CONCATENATE(B419,C419,"-",D419,"-",E419,"-",F419,"-",G419) -> WPNL-LNR-SU-PB-1500 | J419: WORKSTATION | K419: PANEL BASED | L419: LINEAR | M419: SINGLE USER | N419: 1500 | O419: PLPB BSL | P419: STANDARD | T419: ='CALC PANEL WST'!K42 -> 46100
I421: MEETING
B422: MT | C422: FLX | E422: SM | F422: PB | G422: 1500 | H422: 900 | I422: =CONCATENATE(B422, C422,"-",E422,"-",F422,"-",G422,"-",H422) -> MTFLX-SM-PB-1500-900 | J422: MEETING | K422: FLEXI | M422: SMALL | N422: 1500x900 | O422: PLPB BSL | P422: N.A | R422: STD1 | T422: =INDIRECT("'CALC ECO MEETING'!P"&(ROW()-407)*7) -> 120600 | U422: =T422*0.9 -> 108540 | V422: =T422*0.85 -> 102510 | W422: =T422*0.8 -> 96480 | X422: =T422*0.7 -> 84420
B423: MT | C423: FLX | E423: SM | F423: PLM | G423: 1500 | H423: 900 | I423: =CONCATENATE(B423, C423,"-",E423,"-",F423,"-",G423,"-",H423) -> MTFLX-SM-PLM-1500-900 | J423: MEETING | K423: FLEXI | M423: SMALL | N423: 1500x900 | O423: PLMDF BSL | P423: N.A | T423: =INDIRECT("'CALC ECO MEETING'!P"&(ROW()-407)*7) -> 137900 | U423: =T423*0.9 -> 124110 | V423: =T423*0.85 -> 117215 | W423: =T423*0.8 -> 110320 | X423: =T423*0.7 -> 96530
B424: MT | C424: FLX | E424: SM | F424: PoLM | G424: 1500 | H424: 900 | I424: =CONCATENATE(B424, C424,"-",E424,"-",F424,"-",G424,"-",H424) -> MTFLX-SM-PoLM-1500-900 | J424: MEETING | K424: FLEXI | M424: SMALL | N424: 1500x900 | O424: PoLMDF | P424: N.A | T424: =INDIRECT("'CALC ECO MEETING'!P"&(ROW()-407)*7) -> 146600 | U424: =T424*0.9 -> 131940 | V424: =T424*0.85 -> 124610 | W424: =T424*0.8 -> 117280 | X424: =T424*0.7 -> 102620
B425: MT | C425: FLX | E425: SM | F425: LVM | G425: 1500 | H425: 900 | I425: =CONCATENATE(B425, C425,"-",E425,"-",F425,"-",G425,"-",H425) -> MTFLX-SM-LVM-1500-900 | J425: MEETING | K425: FLEXI | M425: SMALL | N425: 1500x900 | O425: LUVIH-MDF | P425: N.A | R425: PRM1 | T425: =INDIRECT("'CALC ECO MEETING'!P"&(ROW()-407)*7) -> 120600 | U425: =T425*0.9 -> 108540 | V425: =T425*0.85 -> 102510 | W425: =T425*0.8 -> 96480 | X425: =T425*0.7 -> 84420
B426: MT | C426: FLX | E426: SM | F426: LVP | G426: 1500 | H426: 900 | I426: =CONCATENATE(B426, C426,"-",E426,"-",F426,"-",G426,"-",H426) -> MTFLX-SM-LVP-1500-900 | J426: MEETING | K426: FLEXI | M426: SMALL | N426: 1500x900 | O426: LUVIH-PLY | P426: N.A | T426: =INDIRECT("'CALC ECO MEETING'!P"&(ROW()-407)*7) -> 88600 | U426: =T426*0.9 -> 79740 | V426: =T426*0.85 -> 75310 | W426: =T426*0.8 -> 70880 | X426: =T426*0.7 -> 62020
...

Sheet MASTER DATA
B2: TOPS | C2: RATE/SQM | D2: LEGS | E2: RATE/LEG | F2: ELEC | G2: RATE/PCS | H2: RISER | I2: RATE/PCS | J2: SCREEN | K2: RATE/SQM | L2: SIDE UNITS
B3: PLPB BSL | C3: 2200 | D3: FLEXI 600 | E3: 1800 | F3: NETBOX | G3: 1500 | H3: MINI RISER | I3: 1000 | J3: FABRIC | K3: 4800 | L3: ECO | M3: 1000
B4: PLMDF BSL | C4: 3000 | D4: FLEXI 900 | E4: 1900 | F4: FLAP+PLATE | G4: 1000 | H4: BIG RISER | I4: 4000 | J4: GLASS | K4: 5500 | L4: LUX | M4: 1500
B5: PoLMDF | C5: 7500 | D5: FLEXI 1200 | E5: 2100 | F5: Q CURVY POP | G5: 12500 | H5: VERTEBRAE | I5: 1500 | J5: NONE | K5: 0
B6: LUVIHMDF | C6: 9500 | D6: STARTEK 600 | E6: 3800 | F6: CHINA MODULE | G6: 2000
B7: LIVIHPLY | C7: 10500 | D7: STARTEK 900 | E7: 4000 | F7: 2 WAY | G7: 3500
B8: VENEER | C8: 30000 | D8: STARTEK 1200 | E8: 4200
B9: GLASS | C9: 7500 | D9: LOOP | E9: 12500
B10: MEMBRANE | C10: 16250 | D10: ATHENA | E10: 15000
B11: MARBLE | C11: =60000/1.6 -> 37500 | D11: FLUTED WOOD | E11: 20000
D12: PANELS | E12: 6000
B16: MARGIN MULTIPLIER | C16: 2
B19: TOPS
B20: ABBREVIATION | C20: SKU CODE | D20: FULL NAME
B21: PLPB BSL | C21: PB | D21: 18MM PRE-LAMINATED PARTICLE BOARD BOTH SIDES LAMINATE WITH EDGEBANDING
B22: PLMDF BSL | C22: PLM | D22: 18MM PRE-LAMINATED MDF(MEDIUM DESNSITY FIBER) BOARD BOTH SIDES LAMINATE
B23: PoLMDF | C23: PoLM | D23: 18MM POST-LAMINATED MDF(MEDIUM DESNSITY FIBER) BOARD BOTH SIDES LAMINATE
B24: LUVIHMDF | C24: LVM | D24: 18MM MERNIO LUVIH POST-LAMINATED MDF(MEDIUM DESNSITY FIBER) BOARD, BOTTOM SIDE BALANCING LAMINATE
B25: LIVIHPLY | C25: LVP | D25: 25MM LUVIH POST-LAMINATED PLY (BIRCH/COMMERCIAL)
B26: VENEER | C26: VNR | D26: 40MM WOOD VENEERS ON PLY
B27: GLASS | C27: GL | D27: 10MM EXTRA TOUGHENED BACK PAINTED / CLEAR GLASS
B28: MEMBRANE | C28: MB | D28: 25MM GERMAN MEMBRANE ON POST-LAMINATED MDF(MEDIUM DESNSITY FIBER) BOARD
B29: MARBLE | C29: MBL | D29: 10MM MARBLE ON POST-LAMINATED MDF(MEDIUM DESNSITY FIBER) BOARD
B31: LEGS
B32: ABBREVIATION | C32: SKU CODE | D32: FULL NAME
B33: FLEXI | C33: FLX | D33: MS+ALUMINUM LEG WITH POWDER COATING
B34: STARTEK | C34: STK | D34: ALUMINUM LEG WITH POWDER COATING
B35: LOOP | C35: LP | D35: ALUMINUM LEG WITH CHROME/TITANIUM/RAW/PC FINISH
B36: ATHENA | C36: ATH | D36: SS LEG WITH PVD COATING
B37: FLUTED WOOD | C37: FLW | D37: FLUTED VENEER ON MDF LEG
B39: ELECTRIFICATION
B40: ABBREVIATION | D40: FULL NAME
B41: NETBOX | D41: 8/10/12 MODULE NETBOX
B42: FLAP+PLATE | D42: 450MM XIO FLAP + SWITCH PLATE INSIDE, *switches not in Burosys scope
B43: Q CURVY POP | D43: Q CURVY POP BOX
B44: CHINA MODULE | D44: 4+4 SWITCHES WITH SCREEN HOLDER
B45: 2 WAY | D45: 2 WAY ACCESS FLAP WITH SWITCH PLATE INSIDE
B46: MINI RISER | D46: 100MM VERTICAL BOX
B47: BIG RISER | D47: 450MM VERTICAL BOX
B48: VERTEBRAE | D48: VERTEBRA SNAKE
B50: SCREENS
B51: ABBREVIATION | C51: SKU CODE | D51: FULL NAME
B52: FABRIC | C52: F | D52: L:6" LESS THAN TOP LENGTH, H400mm, D30mm FABRIC PINUP BOARD WITH ALUMINUM TRIMS
B53: GLASS | C53: G | D53: 4+4MM SANDWICHED BACK PAINTED MAGNETIC GLASS SCREEN
B54: NONE | C54: X
B56: SIDE UNITS
B57: ABBREVIATION | C57: SKU CODE | D57: FULL NAME
B58: ECO | D58: PLPB/PLMDF SIDE UNIT WITH STANDARD LOCK
B59: LUX | D59: LUVIH FACIA UNITS WITH DIGILOCK

Sheet CALC FLX WST
A1: CALC
A2: =PRICELIST!I4 -> WFLX-LNR-SH-PB-900-F
A3: users | B3: length | C3: w | D3: total top | E3: 1200 | F3: 900 | G3: 600 | H3: beam/mts | I3: total screen | J3: ele modty | K3: labour | L3: raceway | M3: a flap | N3: Leg Apron | O3: total | P3: per/psn | Q3: profit | R3: rounding
E4: ='MASTER DATA'!E5 -> 2100 | F4: ='MASTER DATA'!E4 -> 1900 | G4: ='MASTER DATA'!E3 -> 1800 | H4: 380 | I4: ='MASTER DATA'!K3 -> 4800 | J4: ='MASTER DATA'!I3 -> 1000 | K4: 375 | L4: 585 | M4: ='MASTER DATA'!G4 -> 1000 | N4: 3300 | Q4: ='MASTER DATA'!C16 -> 2
A5: 6 | B5: =0.9*3 -> 2.7 | C5: 1.2 | D5: =B5*C5 -> 3.24 | I5: =B5*0.4 -> 1.08 | J5: 2 | K5: =A5 -> 6 | L5: =B5 -> 2.7 | M5: =A5 -> 6 | N5: =(1.2*0.4)*2 -> 0.96
D6: ='MASTER DATA'!C3 -> 2200 | E6: 2 | F6: 0 | G6: 0 | H6: =B5*2 -> 5.4
D7: =D5*D6 -> 7128 | E7: =E6*E4 -> 4200 | F7: =F4*F6 -> 0 | G7: =G4*G6 -> 0 | H7: =H4*H6 -> 2052 | I7: =I4*I5 -> 5184 | J7: =J4*J5 -> 2000 | K7: =K4*K5 -> 2250 | L7: =L4*L5 -> 1579.5 | M7: =M4*M5 -> 6000 | N7: =N4*N5 -> 3168 | O7: =SUM(D7:N7) -> 33561.5 | P7: =O7/A5 -> 5593.5833 | Q7: =P7*Q4 -> 11187.167 | R7: =MROUND(Q7,100) -> 11200
A9: =PRICELIST!I5 -> WFLX-LNR-SH-PB-900-G
A10: users | B10: length | C10: w | D10: total top | E10: 1200 | F10: 900 | G10: 600 | H10: beam/mts | I10: total screen | J10: ele modty | K10: labour | L10: raceway | M10: a flap | N10: Leg Apron | O10: total | P10: per/psn | Q10: profit | R10: rounding
E11: =E4 -> 2100 | F11: =F4 -> 1900 | G11: =G4 -> 1800 | H11: =H4 -> 380 | I11: ='MASTER DATA'!K4 -> 5500 | J11: =J4 -> 1000 | K11: =K4 -> 375 | L11: =L4 -> 585 | M11: =M4 -> 1000 | N11: =N4 -> 3300 | O11: =O4 -> 0 | P11: =P4 -> 0 | Q11: =Q4 -> 2 | R11: =R4 -> 0
A12: 6 | B12: =0.9*3 -> 2.7 | C12: 1.2 | D12: =B12*C12 -> 3.24 | I12: =B12*0.4 -> 1.08 | J12: 2 | K12: =A12 -> 6 | L12: =B12 -> 2.7 | M12: =A12 -> 6 | N12: =(1.2*0.4)*2 -> 0.96
D13: =D6 -> 2200 | E13: 2 | F13: 0 | G13: 0 | H13: =B12*2 -> 5.4
D14: =D12*D13 -> 7128 | E14: =E13*E11 -> 4200 | F14: =F11*F13 -> 0 | G14: =G11*G13 -> 0 | H14: =H11*H13 -> 2052 | I14: =I11*I12 -> 5940 | J14: =J11*J12 -> 2000 | K14: =K11*K12 -> 2250 | L14: =L11*L12 -> 1579.5 | M14: =M11*M12 -> 6000 | N14: =N11*N12 -> 3168 | O14: =SUM(D14:N14) -> 34317.5 | P14: =O14/A12 -> 5719.5833 | Q14: =P14*Q11 -> 11439.167 | R14: =MROUND(Q14,100) -> 11400
Q15: =Q8 -> 0
A16: =PRICELIST!I6 -> WFLX-LNR-SH-PB-900-X
A17: users | B17: length | C17: w | D17: total top | E17: 1200 | F17: 900 | G17: 600 | H17: beam/mts | I17: total screen | J17: ele modty | K17: labour | L17: raceway | M17: a flap | N17: Leg Apron | O17: total | P17: per/psn | Q17: profit | R17: rounding
A18: =A11 -> 0 | B18: =B11 -> 0 | C18: =C11 -> 0 | D18: =D11 -> 0 | E18: =E11 -> 2100 | F18: =F11 -> 1900 | G18: =G11 -> 1800 | H18: =H11 -> 380 | I18: ='MASTER DATA'!K5 -> 0 | J18: =J11 -> 1000 | K18: =K11 -> 375 | L18: =L11 -> 585 | M18: =M11 -> 1000 | N18: =N11 -> 3300 | O18: =O11 -> 0 | P18: =P11 -> 0 | Q18: =Q11 -> 2
A19: 6 | B19: =0.9*3 -> 2.7 | C19: 1.2 | D19: =B19*C19 -> 3.24 | I19: =B19*0.4 -> 1.08 | J19: 2 | K19: =A19 -> 6 | L19: =B19 -> 2.7 | M19: =A19 -> 6 | N19: =(1.2*0.4)*2 -> 0.96
D20: =D13 -> 2200 | E20: 2 | F20: 0 | G20: 0 | H20: =B19*2 -> 5.4
D21: =D19*D20 -> 7128 | E21: =E20*E18 -> 4200 | F21: =F18*F20 -> 0 | G21: =G18*G20 -> 0 | H21: =H18*H20 -> 2052 | I21: =I18*I19 -> 0 | J21: =J18*J19 -> 2000 | K21: =K18*K19 -> 2250 | L21: =L18*L19 -> 1579.5 | M21: =M18*M19 -> 6000 | N21: =N18*N19 -> 3168 | O21: =SUM(D21:N21) -> 28377.5 | P21: =O21/A19 -> 4729.5833 | Q21: =P21*Q18 -> 9459.1667 | R21: =MROUND(Q21,100) -> 9500
A23: =PRICELIST!I7 -> WFLX-LNR-SH-PLM-900-F
A24: users | B24: length | C24: w | D24: total top | E24: 1200 | F24: 900 | G24: 600 | H24: beam/mts | I24: total screen | J24: ele modty | K24: labour | L24: raceway | M24: a flap | N24: Leg Apron | O24: total | P24: per/psn | Q24: profit | R24: rounding
A25: =A18 -> 0 | B25: =B18 -> 0 | C25: =C18 -> 0 | D25: =D18 -> 0 | E25: =E18 -> 2100 | F25: =F18 -> 1900 | G25: =G18 -> 1800 | H25: =H18 -> 380 | I25: =I4 -> 4800 | J25: =J18 -> 1000 | K25: =K18 -> 375 | L25: =L18 -> 585 | M25: =M18 -> 1000 | N25: =N18 -> 3300 | O25: =O18 -> 0 | P25: =P18 -> 0 | Q25: =Q18 -> 2
A26: 6 | B26: =0.9*3 -> 2.7 | C26: 1.2 | D26: =B26*C26 -> 3.24 | I26: =B26*0.4 -> 1.08 | J26: 2 | K26: =A26 -> 6 | L26: =B26 -> 2.7 | M26: =A26 -> 6 | N26: =(1.2*0.4)*2 -> 0.96
D27: ='MASTER DATA'!C4 -> 3000 | E27: 2 | F27: 0 | G27: 0 | H27: =B26*2 -> 5.4
D28: =D26*D27 -> 9720 | E28: =E27*E25 -> 4200 | F28: =F25*F27 -> 0 | G28: =G25*G27 -> 0 | H28: =H25*H27 -> 2052 | I28: =I25*I26 -> 5184 | J28: =J25*J26 -> 2000 | K28: =K25*K26 -> 2250 | L28: =L25*L26 -> 1579.5 | M28: =M25*M26 -> 6000 | N28: =N25*N26 -> 3168 | O28: =SUM(D28:N28) -> 36153.5 | P28: =O28/A26 -> 6025.5833 | Q28: =P28*Q25 -> 12051.167 | R28: =MROUND(Q28,100) -> 12100
A30: =PRICELIST!I8 -> WFLX-LNR-SH-PLM-900-G
A31: users | B31: length | C31: w | D31: total top | E31: 1200 | F31: 900 | G31: 600 | H31: beam/mts | I31: total screen | J31: ele modty | K31: labour | L31: raceway | M31: a flap | N31: Leg Apron | O31: total | P31: per/psn | Q31: profit | R31: rounding
A32: =A25 -> 0 | B32: =B25 -> 0 | C32: =C25 -> 0 | D32: =D25 -> 0 | E32: =E25 -> 2100 | F32: =F25 -> 1900 | G32: =G25 -> 1800 | H32: =H25 -> 380 | I32: =I11 -> 5500 | J32: =J25 -> 1000 | K32: =K25 -> 375 | L32: =L25 -> 585 | M32: =M25 -> 1000 | N32: =N25 -> 3300 | O32: =O25 -> 0 | P32: =P25 -> 0 | Q32: =Q25 -> 2
A33: 6 | B33: =0.9*3 -> 2.7 | C33: 1.2 | D33: =B33*C33 -> 3.24 | I33: =B33*0.4 -> 1.08 | J33: 2 | K33: =A33 -> 6 | L33: =B33 -> 2.7 | M33: =A33 -> 6 | N33: =(1.2*0.4)*2 -> 0.96
D34: =D27 -> 3000 | E34: 2 | F34: 0 | G34: 0 | H34: =B33*2 -> 5.4
D35: =D33*D34 -> 9720 | E35: =E34*E32 -> 4200 | F35: =F32*F34 -> 0 | G35: =G32*G34 -> 0 | H35: =H32*H34 -> 2052 | I35: =I32*I33 -> 5940 | J35: =J32*J33 -> 2000 | K35: =K32*K33 -> 2250 | L35: =L32*L33 -> 1579.5 | M35: =M32*M33 -> 6000 | N35: =N32*N33 -> 3168 | O35: =SUM(D35:N35) -> 36909.5 | P35: =O35/A33 -> 6151.5833 | Q35: =P35*Q32 -> 12303.167 | R35: =MROUND(Q35,100) -> 12300
A37: =PRICELIST!I9 -> WFLX-LNR-SH-PLM-900-X
A38: users | B38: length | C38: w | D38: total top | E38: 1200 | F38: 900 | G38: 600 | H38: beam/mts | I38: total screen | J38: ele modty | K38: labour | L38: raceway | M38: a flap | N38: Leg Apron | O38: total | P38: per/psn | Q38: profit | R38: rounding
A39: =A32 -> 0 | B39: =B32 -> 0 | C39: =C32 -> 0 | D39: =D32 -> 0 | E39: =E32 -> 2100 | F39: =F32 -> 1900 | G39: =G32 -> 1800 | H39: =H32 -> 380 | I39: =I18 -> 0 | J39: =J32 -> 1000 | K39: =K32 -> 375 | L39: =L32 -> 585 | M39: =M32 -> 1000 | N39: =N32 -> 3300 | O39: =O32 -> 0 | P39: =P32 -> 0 | Q39: =Q32 -> 2
A40: 6 | B40: =0.9*3 -> 2.7 | C40: 1.2 | D40: =B40*C40 -> 3.24 | I40: =B40*0.4 -> 1.08 | J40: 2 | K40: =A40 -> 6 | L40: =B40 -> 2.7 | M40: =A40 -> 6 | N40: =(1.2*0.4)*2 -> 0.96
D41: =D34 -> 3000 | E41: 2 | F41: 0 | G41: 0 | H41: =B40*2 -> 5.4
D42: =D40*D41 -> 9720 | E42: =E41*E39 -> 4200 | F42: =F39*F41 -> 0 | G42: =G39*G41 -> 0 | H42: =H39*H41 -> 2052 | I42: =I39*I40 -> 0 | J42: =J39*J40 -> 2000 | K42: =K39*K40 -> 2250 | L42: =L39*L40 -> 1579.5 | M42: =M39*M40 -> 6000 | N42: =N39*N40 -> 3168 | O42: =SUM(D42:N42) -> 30969.5 | P42: =O42/A40 -> 5161.5833 | Q42: =P42*Q39 -> 10323.167 | R42: =MROUND(Q42,100) -> 10300
A44: =PRICELIST!I10 -> WFLX-LNR-SH-PoLM-900-F
A45: users | B45: length | C45: w | D45: total top | E45: 1200 | F45: 900 | G45: 600 | H45: beam/mts | I45: total screen | J45: ele modty | K45: labour | L45: raceway | M45: a flap | N45: Leg Apron | O45: total | P45: per/psn | Q45: profit | R45: rounding
A46: =A39 -> 0 | B46: =B39 -> 0 | C46: =C39 -> 0 | D46: =D39 -> 0 | E46: =E39 -> 2100 | F46: =F39 -> 1900 | G46: =G39 -> 1800 | H46: =H39 -> 380 | I46: =I25 -> 4800 | J46: =J39 -> 1000 | K46: =K39 -> 375 | L46: =L39 -> 585 | M46: =M39 -> 1000 | N46: =N39 -> 3300 | O46: =O39 -> 0 | P46: =P39 -> 0 | Q46: =Q39 -> 2
A47: 6 | B47: =0.9*3 -> 2.7 | C47: 1.2 | D47: =B47*C47 -> 3.24 | I47: =B47*0.4 -> 1.08 | J47: 2 | K47: =A47 -> 6 | L47: =B47 -> 2.7 | M47: =A47 -> 6 | N47: =(1.2*0.4)*2 -> 0.96
D48: ='MASTER DATA'!C5 -> 7500 | E48: 2 | F48: 0 | G48: 0 | H48: =B47*2 -> 5.4
D49: =D47*D48 -> 24300 | E49: =E48*E46 -> 4200 | F49: =F46*F48 -> 0 | G49: =G46*G48 -> 0 | H49: =H46*H48 -> 2052 | I49: =I46*I47 -> 5184 | J49: =J46*J47 -> 2000 | K49: =K46*K47 -> 2250 | L49: =L46*L47 -> 1579.5 | M49: =M46*M47 -> 6000 | N49: =N46*N47 -> 3168 | O49: =SUM(D49:N49) -> 50733.5 | P49: =O49/A47 -> 8455.5833 | Q49: =P49*Q46 -> 16911.167 | R49: =MROUND(Q49,100) -> 16900
A51: =PRICELIST!I11 -> WFLX-LNR-SH-PoLM-900-G
A52: users | B52: length | C52: w | D52: total top | E52: 1200 | F52: 900 | G52: 600 | H52: beam/mts | I52: total screen | J52: ele modty | K52: labour | L52: raceway | M52: a flap | N52: Leg Apron | O52: total | P52: per/psn | Q52: profit | R52: rounding
A53: =A46 -> 0 | B53: =B46 -> 0 | C53: =C46 -> 0 | D53: =D46 -> 0 | E53: =E46 -> 2100 | F53: =F46 -> 1900 | G53: =G46 -> 1800 | H53: =H46 -> 380 | I53: =I32 -> 5500 | J53: =J46 -> 1000 | K53: =K46 -> 375 | L53: =L46 -> 585 | M53: =M46 -> 1000 | N53: =N46 -> 3300 | O53: =O46 -> 0 | P53: =P46 -> 0 | Q53: =Q46 -> 2
A54: 6 | B54: =0.9*3 -> 2.7 | C54: 1.2 | D54: =B54*C54 -> 3.24 | I54: =B54*0.4 -> 1.08 | J54: 2 | K54: =A54 -> 6 | L54: =B54 -> 2.7 | M54: =A54 -> 6 | N54: =(1.2*0.4)*2 -> 0.96
D55: =D48 -> 7500 | E55: 2 | F55: 0 | G55: 0 | H55: =B54*2 -> 5.4
D56: =D54*D55 -> 24300 | E56: =E55*E53 -> 4200 | F56: =F53*F55 -> 0 | G56: =G53*G55 -> 0 | H56: =H53*H55 -> 2052 | I56: =I53*I54 -> 5940 | J56: =J53*J54 -> 2000 | K56: =K53*K54 -> 2250 | L56: =L53*L54 -> 1579.5 | M56: =M53*M54 -> 6000 | N56: =N53*N54 -> 3168 | O56: =SUM(D56:N56) -> 51489.5 | P56: =O56/A54 -> 8581.5833 | Q56: =P56*Q53 -> 17163.167 | R56: =MROUND(Q56,100) -> 17200
A58: =PRICELIST!I12 -> WFLX-LNR-SH-PoLM-900-X
A59: users | B59: length | C59: w | D59: total top | E59: 1200 | F59: 900 | G59: 600 | H59: beam/mts | I59: total screen | J59: ele modty | K59: labour | L59: raceway | M59: a flap | N59: Leg Apron | O59: total | P59: per/psn | Q59: profit | R59: rounding
A60: =A53 -> 0 | B60: =B53 -> 0 | C60: =C53 -> 0 | D60: =D53 -> 0 | E60: =E53 -> 2100 | F60: =F53 -> 1900 | G60: =G53 -> 1800 | H60: =H53 -> 380 | I60: =I39 -> 0 | J60: =J53 -> 1000 | K60: =K53 -> 375 | L60: =L53 -> 585 | M60: =M53 -> 1000 | N60: =N53 -> 3300 | O60: =O53 -> 0 | P60: =P53 -> 0 | Q60: =Q53 -> 2
A61: 6 | B61: =0.9*3 -> 2.7 | C61: 1.2 | D61: =B61*C61 -> 3.24 | I61: =B61*0.4 -> 1.08 | J61: 2 | K61: =A61 -> 6 | L61: =B61 -> 2.7 | M61: =A61 -> 6 | N61: =(1.2*0.4)*2 -> 0.96
D62: =D55 -> 7500 | E62: 2 | F62: 0 | G62: 0 | H62: =B61*2 -> 5.4
D63: =D61*D62 -> 24300 | E63: =E62*E60 -> 4200 | F63: =F60*F62 -> 0 | G63: =G60*G62 -> 0 | H63: =H60*H62 -> 2052 | I63: =I60*I61 -> 0 | J63: =J60*J61 -> 2000 | K63: =K60*K61 -> 2250 | L63: =L60*L61 -> 1579.5 | M63: =M60*M61 -> 6000 | N63: =N60*N61 -> 3168 | O63: =SUM(D63:N63) -> 45549.5 | P63: =O63/A61 -> 7591.5833 | Q63: =P63*Q60 -> 15183.167 | R63: =MROUND(Q63,100) -> 15200
A65: =PRICELIST!I13 -> WFLX-LNR-SH-LVM-900-F
A66: users | B66: length | C66: w | D66: total top | E66: 1200 | F66: 900 | G66: 600 | H66: beam/mts | I66: total screen | J66: ele modty | K66: labour | L66: raceway | M66: a flap | N66: Leg Apron | O66: total | P66: per/psn | Q66: profit | R66: rounding
A67: =A60 -> 0 | B67: =B60 -> 0 | C67: =C60 -> 0 | D67: =D60 -> 0 | E67: =E60 -> 2100 | F67: =F60 -> 1900 | G67: =G60 -> 1800 | H67: =H60 -> 380 | I67: =I46 -> 4800 | J67: =J60 -> 1000 | K67: =K60 -> 375 | L67: =L60 -> 585 | M67: =M60 -> 1000 | N67: =N60 -> 3300 | O67: =O60 -> 0 | P67: =P60 -> 0 | Q67: =Q60 -> 2
A68: 6 | B68: =0.9*3 -> 2.7 | C68: 1.2 | D68: =B68*C68 -> 3.24 | I68: =B68*0.4 -> 1.08 | J68: 2 | K68: =A68 -> 6 | L68: =B68 -> 2.7 | M68: =A68 -> 6 | N68: =(1.2*0.4)*2 -> 0.96
D69: ='MASTER DATA'!C6 -> 9500 | E69: 2 | F69: 0 | G69: 0 | H69: =B68*2 -> 5.4
D70: =D68*D69 -> 30780 | E70: =E69*E67 -> 4200 | F70: =F67*F69 -> 0 | G70: =G67*G69 -> 0 | H70: =H67*H69 -> 2052 | I70: =I67*I68 -> 5184 | J70: =J67*J68 -> 2000 | K70: =K67*K68 -> 2250 | L70: =L67*L68 -> 1579.5 | M70: =M67*M68 -> 6000 | N70: =N67*N68 -> 3168 | O70: =SUM(D70:N70) -> 57213.5 | P70: =O70/A68 -> 9535.5833 | Q70: =P70*Q67 -> 19071.167 | R70: =MROUND(Q70,100) -> 19100
A72: =PRICELIST!I14 -> WFLX-LNR-SH-LVM-900-G
A73: users | B73: length | C73: w | D73: total top | E73: 1200 | F73: 900 | G73: 600 | H73: beam/mts | I73: total screen | J73: ele modty | K73: labour | L73: raceway | M73: a flap | N73: Leg Apron | O73: total | P73: per/psn | Q73: profit | R73: rounding
A74: =A67 -> 0 | B74: =B67 -> 0 | C74: =C67 -> 0 | D74: =D67 -> 0 | E74: =E67 -> 2100 | F74: =F67 -> 1900 | G74: =G67 -> 1800 | H74: =H67 -> 380 | I74: =I53 -> 5500 | J74: =J67 -> 1000 | K74: =K67 -> 375 | L74: =L67 -> 585 | M74: =M67 -> 1000 | N74: =N67 -> 3300 | O74: =O67 -> 0 | P74: =P67 -> 0 | Q74: =Q67 -> 2
A75: 6 | B75: =0.9*3 -> 2.7 | C75: 1.2 | D75: =B75*C75 -> 3.24 | I75: =B75*0.4 -> 1.08 | J75: 2 | K75: =A75 -> 6 | L75: =B75 -> 2.7 | M75: =A75 -> 6 | N75: =(1.2*0.4)*2 -> 0.96
D76: =D69 -> 9500 | E76: 2 | F76: 0 | G76: 0 | H76: =B75*2 -> 5.4
D77: =D75*D76 -> 30780 | E77: =E76*E74 -> 4200 | F77: =F74*F76 -> 0 | G77: =G74*G76 -> 0 | H77: =H74*H76 -> 2052 | I77: =I74*I75 -> 5940 | J77: =J74*J75 -> 2000 | K77: =K74*K75 -> 2250 | L77: =L74*L75 -> 1579.5 | M77: =M74*M75 -> 6000 | N77: =N74*N75 -> 3168 | O77: =SUM(D77:N77) -> 57969.5 | P77: =O77/A75 -> 9661.5833 | Q77: =P77*Q74 -> 19323.167 | R77: =MROUND(Q77,100) -> 19300
A79: =PRICELIST!I15 -> WFLX-LNR-SH-LVM-900-X
A80: users | B80: length | C80: w | D80: total top | E80: 1200 | F80: 900 | G80: 600 | H80: beam/mts | I80: total screen | J80: ele modty | K80: labour | L80: raceway | M80: a flap | N80: Leg Apron | O80: total | P80: per/psn | Q80: profit | R80: rounding
A81: =A74 -> 0 | B81: =B74 -> 0 | C81: =C74 -> 0 | D81: =D74 -> 0 | E81: =E74 -> 2100 | F81: =F74 -> 1900 | G81: =G74 -> 1800 | H81: =H74 -> 380 | I81: =I60 -> 0 | J81: =J74 -> 1000 | K81: =K74 -> 375 | L81: =L74 -> 585 | M81: =M74 -> 1000 | N81: =N74 -> 3300 | O81: =O74 -> 0 | P81: =P74 -> 0 | Q81: =Q74 -> 2
A82: 6 | B82: =0.9*3 -> 2.7 | C82: 1.2 | D82: =B82*C82 -> 3.24 | I82: =B82*0.4 -> 1.08 | J82: 2 | K82: =A82 -> 6 | L82: =B82 -> 2.7 | M82: =A82 -> 6 | N82: =(1.2*0.4)*2 -> 0.96
D83: =D76 -> 9500 | E83: 2 | F83: 0 | G83: 0 | H83: =B82*2 -> 5.4
D84: =D82*D83 -> 30780 | E84: =E83*E81 -> 4200 | F84: =F81*F83 -> 0 | G84: =G81*G83 -> 0 | H84: =H81*H83 -> 2052 | I84: =I81*I82 -> 0 | J84: =J81*J82 -> 2000 | K84: =K81*K82 -> 2250 | L84: =L81*L82 -> 1579.5 | M84: =M81*M82 -> 6000 | N84: =N81*N82 -> 3168 | O84: =SUM(D84:N84) -> 52029.5 | P84: =O84/A82 -> 8671.5833 | Q84: =P84*Q81 -> 17343.167 | R84: =MROUND(Q84,100) -> 17300
A86: =PRICELIST!I16 -> WFLX-LNR-SH-LVP-900-F
A87: users | B87: length | C87: w | D87: total top | E87: 1200 | F87: 900 | G87: 600 | H87: beam/mts | I87: total screen | J87: ele modty | K87: labour | L87: raceway | M87: a flap | N87: Leg Apron | O87: total | P87: per/psn | Q87: profit | R87: rounding
A88: =A81 -> 0 | B88: =B81 -> 0 | C88: =C81 -> 0 | D88: =D81 -> 0 | E88: =E81 -> 2100 | F88: =F81 -> 1900 | G88: =G81 -> 1800 | H88: =H81 -> 380 | I88: =I67 -> 4800 | J88: =J81 -> 1000 | K88: =K81 -> 375 | L88: =L81 -> 585 | M88: =M81 -> 1000 | N88: =N81 -> 3300 | O88: =O81 -> 0 | P88: =P81 -> 0 | Q88: =Q81 -> 2
A89: 6 | B89: =0.9*3 -> 2.7 | C89: 1.2 | D89: =B89*C89 -> 3.24 | I89: =B89*0.4 -> 1.08 | J89: 2 | K89: =A89 -> 6 | L89: =B89 -> 2.7 | M89: =A89 -> 6 | N89: =(1.2*0.4)*2 -> 0.96
D90: ='MASTER DATA'!C7 -> 10500 | E90: 2 | F90: 0 | G90: 0 | H90: =B89*2 -> 5.4
D91: =D89*D90 -> 34020 | E91: =E90*E88 -> 4200 | F91: =F88*F90 -> 0 | G91: =G88*G90 -> 0 | H91: =H88*H90 -> 2052 | I91: =I88*I89 -> 5184 | J91: =J88*J89 -> 2000 | K91: =K88*K89 -> 2250 | L91: =L88*L89 -> 1579.5 | M91: =M88*M89 -> 6000 | N91: =N88*N89 -> 3168 | O91: =SUM(D91:N91) -> 60453.5 | P91: =O91/A89 -> 10075.583 | Q91: =P91*Q88 -> 20151.167 | R91: =MROUND(Q91,100) -> 20200
A93: =PRICELIST!I17 -> WFLX-LNR-SH-LVP-900-G
A94: users | B94: length | C94: w | D94: total top | E94: 1200 | F94: 900 | G94: 600 | H94: beam/mts | I94: total screen | J94: ele modty | K94: labour | L94: raceway | M94: a flap | N94: Leg Apron | O94: total | P94: per/psn | Q94: profit | R94: rounding
A95: =A88 -> 0 | B95: =B88 -> 0 | C95: =C88 -> 0 | D95: =D88 -> 0 | E95: =E88 -> 2100 | F95: =F88 -> 1900 | G95: =G88 -> 1800 | H95: =H88 -> 380 | I95: =I74 -> 5500 | J95: =J88 -> 1000 | K95: =K88 -> 375 | L95: =L88 -> 585 | M95: =M88 -> 1000 | N95: =N88 -> 3300 | O95: =O88 -> 0 | P95: =P88 -> 0 | Q95: =Q88 -> 2
A96: 6 | B96: =0.9*3 -> 2.7 | C96: 1.2 | D96: =B96*C96 -> 3.24 | I96: =B96*0.4 -> 1.08 | J96: 2 | K96: =A96 -> 6 | L96: =B96 -> 2.7 | M96: =A96 -> 6 | N96: =(1.2*0.4)*2 -> 0.96
D97: =D90 -> 10500 | E97: 2 | F97: 0 | G97: 0 | H97: =B96*2 -> 5.4
D98: =D96*D97 -> 34020 | E98: =E97*E95 -> 4200 | F98: =F95*F97 -> 0 | G98: =G95*G97 -> 0 | H98: =H95*H97 -> 2052 | I98: =I95*I96 -> 5940 | J98: =J95*J96 -> 2000 | K98: =K95*K96 -> 2250 | L98: =L95*L96 -> 1579.5 | M98: =M95*M96 -> 6000 | N98: =N95*N96 -> 3168 | O98: =SUM(D98:N98) -> 61209.5 | P98: =O98/A96 -> 10201.583 | Q98: =P98*Q95 -> 20403.167 | R98: =MROUND(Q98,100) -> 20400
A100: =PRICELIST!I18 -> WFLX-LNR-SH-LVP-900-X
A101: users | B101: length | C101: w | D101: total top | E101: 1200 | F101: 900 | G101: 600 | H101: beam/mts | I101: total screen | J101: ele modty | K101: labour | L101: raceway | M101: a flap | N101: Leg Apron | O101: total | P101: per/psn | Q101: profit | R101: rounding
A102: =A95 -> 0 | B102: =B95 -> 0 | C102: =C95 -> 0 | D102: =D95 -> 0 | E102: =E95 -> 2100 | F102: =F95 -> 1900 | G102: =G95 -> 1800 | H102: =H95 -> 380 | I102: =I81 -> 0 | J102: =J95 -> 1000 | K102: =K95 -> 375 | L102: =L95 -> 585 | M102: =M95 -> 1000 | N102: =N95 -> 3300 | O102: =O95 -> 0 | P102: =P95 -> 0 | Q102: =Q95 -> 2
A103: 6 | B103: =0.9*3 -> 2.7 | C103: 1.2 | D103: =B103*C103 -> 3.24 | I103: =B103*0.4 -> 1.08 | J103: 2 | K103: =A103 -> 6 | L103: =B103 -> 2.7 | M103: =A103 -> 6 | N103: =(1.2*0.4)*2 -> 0.96
D104: =D97 -> 10500 | E104: 2 | F104: 0 | G104: 0 | H104: =B103*2 -> 5.4
D105: =D103*D104 -> 34020 | E105: =E104*E102 -> 4200 | F105: =F102*F104 -> 0 | G105: =G102*G104 -> 0 | H105: =H102*H104 -> 2052 | I105: =I102*I103 -> 0 | J105: =J102*J103 -> 2000 | K105: =K102*K103 -> 2250 | L105: =L102*L103 -> 1579.5 | M105: =M102*M103 -> 6000 | N105: =N102*N103 -> 3168 | O105: =SUM(D105:N105) -> 55269.5 | P105: =O105/A103 -> 9211.5833 | Q105: =P105*Q102 -> 18423.167 | R105: =MROUND(Q105,100) -> 18400
A107: =PRICELIST!I19 -> WFLX-LNR-SH-MB-900-F
A108: users | B108: length | C108: w | D108: total top | E108: 1200 | F108: 900 | G108: 600 | H108: beam/mts | I108: total screen | J108: ele modty | K108: labour | L108: raceway | M108: a flap | N108: Leg Apron | O108: total | P108: per/psn | Q108: profit | R108: rounding
A109: =A102 -> 0 | B109: =B102 -> 0 | C109: =C102 -> 0 | D109: =D102 -> 0 | E109: =E102 -> 2100 | F109: =F102 -> 1900 | G109: =G102 -> 1800 | H109: =H102 -> 380 | I109: =I88 -> 4800 | J109: =J102 -> 1000 | K109: =K102 -> 375 | L109: =L102 -> 585 | M109: =M102 -> 1000 | N109: =N102 -> 3300 | O109: =O102 -> 0 | P109: =P102 -> 0 | Q109: =Q102 -> 2
A110: 6 | B110: =0.9*3 -> 2.7 | C110: 1.2 | D110: =B110*C110 -> 3.24 | I110: =B110*0.4 -> 1.08 | J110: 2 | K110: =A110 -> 6 | L110: =B110 -> 2.7 | M110: =A110 -> 6 | N110: =(1.2*0.4)*2 -> 0.96
D111: ='MASTER DATA'!C10 -> 16250 | E111: 2 | F111: 0 | G111: 0 | H111: =B110*2 -> 5.4
D112: =D110*D111 -> 52650 | E112: =E111*E109 -> 4200 | F112: =F109*F111 -> 0 | G112: =G109*G111 -> 0 | H112: =H109*H111 -> 2052 | I112: =I109*I110 -> 5184 | J112: =J109*J110 -> 2000 | K112: =K109*K110 -> 2250 | L112: =L109*L110 -> 1579.5 | M112: =M109*M110 -> 6000 | N112: =N109*N110 -> 3168 | O112: =SUM(D112:N112) -> 79083.5 | P112: =O112/A110 -> 13180.583 | Q112: =P112*Q109 -> 26361.167 | R112: =MROUND(Q112,100) -> 26400
A114: =PRICELIST!I20 -> WFLX-LNR-SH-MB-900-G
A115: users | B115: length | C115: w | D115: total top | E115: 1200 | F115: 900 | G115: 600 | H115: beam/mts | I115: total screen | J115: ele modty | K115: labour | L115: raceway | M115: a flap | N115: Leg Apron | O115: total | P115: per/psn | Q115: profit | R115: rounding
...

Sheet CALC STK WST
A1: CALC
A2: =PRICELIST!I216 -> WSTK-LNR-SH-PB-900-F
A3: users | B3: length | C3: w | D3: total top | E3: 1200 | F3: 900 | G3: 600 | H3: beam/mts | I3: total screen | J3: ele modty | K3: labour | L3: raceway | M3: a flap | N3: Leg Apron | O3: total | P3: per/psn | Q3: profit | R3: rounding
E4: ='MASTER DATA'!E8 -> 4200 | F4: ='MASTER DATA'!E7 -> 4000 | G4: ='MASTER DATA'!E6 -> 3800 | H4: 380 | I4: ='MASTER DATA'!K3 -> 4800 | J4: ='MASTER DATA'!I3 -> 1000 | K4: 375 | L4: 585 | M4: ='MASTER DATA'!G4 -> 1000 | N4: 3300 | Q4: ='MASTER DATA'!C16 -> 2
A5: 6 | B5: =0.9*3 -> 2.7 | C5: 1.2 | D5: =B5*C5 -> 3.24 | I5: =B5*0.4 -> 1.08 | J5: 2 | K5: =A5 -> 6 | L5: =B5 -> 2.7 | M5: =A5 -> 6 | N5: =(1.2*0.4)*2 -> 0.96
D6: ='MASTER DATA'!C3 -> 2200 | E6: 2 | F6: 0 | G6: 0 | H6: =B5*2 -> 5.4
D7: =D5*D6 -> 7128 | E7: =E6*E4 -> 8400 | F7: =F4*F6 -> 0 | G7: =G4*G6 -> 0 | H7: =H4*H6 -> 2052 | I7: =I4*I5 -> 5184 | J7: =J4*J5 -> 2000 | K7: =K4*K5 -> 2250 | L7: =L4*L5 -> 1579.5 | M7: =M4*M5 -> 6000 | N7: =N4*N5 -> 3168 | O7: =SUM(D7:N7) -> 37761.5 | P7: =O7/A5 -> 6293.5833 | Q7: =P7*Q4 -> 12587.167 | R7: =MROUND(Q7,100) -> 12600
A9: =PRICELIST!I217 -> WSTK-LNR-SH-PB-900-G
A10: users | B10: length | C10: w | D10: total top | E10: 1200 | F10: 900 | G10: 600 | H10: beam/mts | I10: total screen | J10: ele modty | K10: labour | L10: raceway | M10: a flap | N10: Leg Apron | O10: total | P10: per/psn | Q10: profit | R10: rounding
E11: =E4 -> 4200 | F11: =F4 -> 4000 | G11: =G4 -> 3800 | H11: =H4 -> 380 | I11: ='MASTER DATA'!K4 -> 5500 | J11: =J4 -> 1000 | K11: =K4 -> 375 | L11: =L4 -> 585 | M11: =M4 -> 1000 | N11: =N4 -> 3300 | O11: =O4 -> 0 | P11: =P4 -> 0 | Q11: =Q4 -> 2 | R11: =R4 -> 0
A12: 6 | B12: =0.9*3 -> 2.7 | C12: 1.2 | D12: =B12*C12 -> 3.24 | I12: =B12*0.4 -> 1.08 | J12: 2 | K12: =A12 -> 6 | L12: =B12 -> 2.7 | M12: =A12 -> 6 | N12: =(1.2*0.4)*2 -> 0.96
D13: =D6 -> 2200 | E13: 2 | F13: 0 | G13: 0 | H13: =B12*2 -> 5.4
D14: =D12*D13 -> 7128 | E14: =E13*E11 -> 8400 | F14: =F11*F13 -> 0 | G14: =G11*G13 -> 0 | H14: =H11*H13 -> 2052 | I14: =I11*I12 -> 5940 | J14: =J11*J12 -> 2000 | K14: =K11*K12 -> 2250 | L14: =L11*L12 -> 1579.5 | M14: =M11*M12 -> 6000 | N14: =N11*N12 -> 3168 | O14: =SUM(D14:N14) -> 38517.5 | P14: =O14/A12 -> 6419.5833 | Q14: =P14*Q11 -> 12839.167 | R14: =MROUND(Q14,100) -> 12800
Q15: =Q8 -> 0
A16: =PRICELIST!I218 -> WSTK-LNR-SH-PB-900-X
A17: users | B17: length | C17: w | D17: total top | E17: 1200 | F17: 900 | G17: 600 | H17: beam/mts | I17: total screen | J17: ele modty | K17: labour | L17: raceway | M17: a flap | N17: Leg Apron | O17: total | P17: per/psn | Q17: profit | R17: rounding
A18: =A11 -> 0 | B18: =B11 -> 0 | C18: =C11 -> 0 | D18: =D11 -> 0 | E18: =E11 -> 4200 | F18: =F11 -> 4000 | G18: =G11 -> 3800 | H18: =H11 -> 380 | I18: ='MASTER DATA'!K5 -> 0 | J18: =J11 -> 1000 | K18: =K11 -> 375 | L18: =L11 -> 585 | M18: =M11 -> 1000 | N18: =N11 -> 3300 | O18: =O11 -> 0 | P18: =P11 -> 0 | Q18: =Q11 -> 2
A19: 6 | B19: =0.9*3 -> 2.7 | C19: 1.2 | D19: =B19*C19 -> 3.24 | I19: =B19*0.4 -> 1.08 | J19: 2 | K19: =A19 -> 6 | L19: =B19 -> 2.7 | M19: =A19 -> 6 | N19: =(1.2*0.4)*2 -> 0.96
D20: =D13 -> 2200 | E20: 2 | F20: 0 | G20: 0 | H20: =B19*2 -> 5.4
D21: =D19*D20 -> 7128 | E21: =E20*E18 -> 8400 | F21: =F18*F20 -> 0 | G21: =G18*G20 -> 0 | H21: =H18*H20 -> 2052 | I21: =I18*I19 -> 0 | J21: =J18*J19 -> 2000 | K21: =K18*K19 -> 2250 | L21: =L18*L19 -> 1579.5 | M21: =M18*M19 -> 6000 | N21: =N18*N19 -> 3168 | O21: =SUM(D21:N21) -> 32577.5 | P21: =O21/A19 -> 5429.5833 | Q21: =P21*Q18 -> 10859.167 | R21: =MROUND(Q21,100) -> 10900
A23: =PRICELIST!I219 -> WSTK-LNR-SH-PLM-900-F
A24: users | B24: length | C24: w | D24: total top | E24: 1200 | F24: 900 | G24: 600 | H24: beam/mts | I24: total screen | J24: ele modty | K24: labour | L24: raceway | M24: a flap | N24: Leg Apron | O24: total | P24: per/psn | Q24: profit | R24: rounding
A25: =A18 -> 0 | B25: =B18 -> 0 | C25: =C18 -> 0 | D25: =D18 -> 0 | E25: =E18 -> 4200 | F25: =F18 -> 4000 | G25: =G18 -> 3800 | H25: =H18 -> 380 | I25: =I4 -> 4800 | J25: =J18 -> 1000 | K25: =K18 -> 375 | L25: =L18 -> 585 | M25: =M18 -> 1000 | N25: =N18 -> 3300 | O25: =O18 -> 0 | P25: =P18 -> 0 | Q25: =Q18 -> 2
A26: 6 | B26: =0.9*3 -> 2.7 | C26: 1.2 | D26: =B26*C26 -> 3.24 | I26: =B26*0.4 -> 1.08 | J26: 2 | K26: =A26 -> 6 | L26: =B26 -> 2.7 | M26: =A26 -> 6 | N26: =(1.2*0.4)*2 -> 0.96
D27: ='MASTER DATA'!C4 -> 3000 | E27: 2 | F27: 0 | G27: 0 | H27: =B26*2 -> 5.4
D28: =D26*D27 -> 9720 | E28: =E27*E25 -> 8400 | F28: =F25*F27 -> 0 | G28: =G25*G27 -> 0 | H28: =H25*H27 -> 2052 | I28: =I25*I26 -> 5184 | J28: =J25*J26 -> 2000 | K28: =K25*K26 -> 2250 | L28: =L25*L26 -> 1579.5 | M28: =M25*M26 -> 6000 | N28: =N25*N26 -> 3168 | O28: =SUM(D28:N28) -> 40353.5 | P28: =O28/A26 -> 6725.5833 | Q28: =P28*Q25 -> 13451.167 | R28: =MROUND(Q28,100) -> 13500
A30: =PRICELIST!I220 -> WSTK-LNR-SH-PLM-900-G
A31: users | B31: length | C31: w | D31: total top | E31: 1200 | F31: 900 | G31: 600 | H31: beam/mts | I31: total screen | J31: ele modty | K31: labour | L31: raceway | M31: a flap | N31: Leg Apron | O31: total | P31: per/psn | Q31: profit | R31: rounding
A32: =A25 -> 0 | B32: =B25 -> 0 | C32: =C25 -> 0 | D32: =D25 -> 0 | E32: =E25 -> 4200 | F32: =F25 -> 4000 | G32: =G25 -> 3800 | H32: =H25 -> 380 | I32: =I11 -> 5500 | J32: =J25 -> 1000 | K32: =K25 -> 375 | L32: =L25 -> 585 | M32: =M25 -> 1000 | N32: =N25 -> 3300 | O32: =O25 -> 0 | P32: =P25 -> 0 | Q32: =Q25 -> 2
A33: 6 | B33: =0.9*3 -> 2.7 | C33: 1.2 | D33: =B33*C33 -> 3.24 | I33: =B33*0.4 -> 1.08 | J33: 2 | K33: =A33 -> 6 | L33: =B33 -> 2.7 | M33: =A33 -> 6 | N33: =(1.2*0.4)*2 -> 0.96
D34: =D27 -> 3000 | E34: 2 | F34: 0 | G34: 0 | H34: =B33*2 -> 5.4
D35: =D33*D34 -> 9720 | E35: =E34*E32 -> 8400 | F35: =F32*F34 -> 0 | G35: =G32*G34 -> 0 | H35: =H32*H34 -> 2052 | I35: =I32*I33 -> 5940 | J35: =J32*J33 -> 2000 | K35: =K32*K33 -> 2250 | L35: =L32*L33 -> 1579.5 | M35: =M32*M33 -> 6000 | N35: =N32*N33 -> 3168 | O35: =SUM(D35:N35) -> 41109.5 | P35: =O35/A33 -> 6851.5833 | Q35: =P35*Q32 -> 13703.167 | R35: =MROUND(Q35,100) -> 13700
A37: =PRICELIST!I221 -> WSTK-LNR-SH-PLM-900-X
A38: users | B38: length | C38: w | D38: total top | E38: 1200 | F38: 900 | G38: 600 | H38: beam/mts | I38: total screen | J38: ele modty | K38: labour | L38: raceway | M38: a flap | N38: Leg Apron | O38: total | P38: per/psn | Q38: profit | R38: rounding
A39: =A32 -> 0 | B39: =B32 -> 0 | C39: =C32 -> 0 | D39: =D32 -> 0 | E39: =E32 -> 4200 | F39: =F32 -> 4000 | G39: =G32 -> 3800 | H39: =H32 -> 380 | I39: =I18 -> 0 | J39: =J32 -> 1000 | K39: =K32 -> 375 | L39: =L32 -> 585 | M39: =M32 -> 1000 | N39: =N32 -> 3300 | O39: =O32 -> 0 | P39: =P32 -> 0 | Q39: =Q32 -> 2
A40: 6 | B40: =0.9*3 -> 2.7 | C40: 1.2 | D40: =B40*C40 -> 3.24 | I40: =B40*0.4 -> 1.08 | J40: 2 | K40: =A40 -> 6 | L40: =B40 -> 2.7 | M40: =A40 -> 6 | N40: =(1.2*0.4)*2 -> 0.96
D41: =D34 -> 3000 | E41: 2 | F41: 0 | G41: 0 | H41: =B40*2 -> 5.4
D42: =D40*D41 -> 9720 | E42: =E41*E39 -> 8400 | F42: =F39*F41 -> 0 | G42: =G39*G41 -> 0 | H42: =H39*H41 -> 2052 | I42: =I39*I40 -> 0 | J42: =J39*J40 -> 2000 | K42: =K39*K40 -> 2250 | L42: =L39*L40 -> 1579.5 | M42: =M39*M40 -> 6000 | N42: =N39*N40 -> 3168 | O42: =SUM(D42:N42) -> 35169.5 | P42: =O42/A40 -> 5861.5833 | Q42: =P42*Q39 -> 11723.167 | R42: =MROUND(Q42,100) -> 11700
A44: =PRICELIST!I222 -> WSTK-LNR-SH-PoLM-900-F
A45: users | B45: length | C45: w | D45: total top | E45: 1200 | F45: 900 | G45: 600 | H45: beam/mts | I45: total screen | J45: ele modty | K45: labour | L45: raceway | M45: a flap | N45: Leg Apron | O45: total | P45: per/psn | Q45: profit | R45: rounding
A46: =A39 -> 0 | B46: =B39 -> 0 | C46: =C39 -> 0 | D46: =D39 -> 0 | E46: =E39 -> 4200 | F46: =F39 -> 4000 | G46: =G39 -> 3800 | H46: =H39 -> 380 | I46: =I25 -> 4800 | J46: =J39 -> 1000 | K46: =K39 -> 375 | L46: =L39 -> 585 | M46: =M39 -> 1000 | N46: =N39 -> 3300 | O46: =O39 -> 0 | P46: =P39 -> 0 | Q46: =Q39 -> 2
A47: 6 | B47: =0.9*3 -> 2.7 | C47: 1.2 | D47: =B47*C47 -> 3.24 | I47: =B47*0.4 -> 1.08 | J47: 2 | K47: =A47 -> 6 | L47: =B47 -> 2.7 | M47: =A47 -> 6 | N47: =(1.2*0.4)*2 -> 0.96
D48: ='MASTER DATA'!C5 -> 7500 | E48: 2 | F48: 0 | G48: 0 | H48: =B47*2 -> 5.4
D49: =D47*D48 -> 24300 | E49: =E48*E46 -> 8400 | F49: =F46*F48 -> 0 | G49: =G46*G48 -> 0 | H49: =H46*H48 -> 2052 | I49: =I46*I47 -> 5184 | J49: =J46*J47 -> 2000 | K49: =K46*K47 -> 2250 | L49: =L46*L47 -> 1579.5 | M49: =M46*M47 -> 6000 | N49: =N46*N47 -> 3168 | O49: =SUM(D49:N49) -> 54933.5 | P49: =O49/A47 -> 9155.5833 | Q49: =P49*Q46 -> 18311.167 | R49: =MROUND(Q49,100) -> 18300
A51: =PRICELIST!I223 -> WSTK-LNR-SH-PoLM-900-G
A52: users | B52: length | C52: w | D52: total top | E52: 1200 | F52: 900 | G52: 600 | H52: beam/mts | I52: total screen | J52: ele modty | K52: labour | L52: raceway | M52: a flap | N52: Leg Apron | O52: total | P52: per/psn | Q52: profit | R52: rounding
A53: =A46 -> 0 | B53: =B46 -> 0 | C53: =C46 -> 0 | D53: =D46 -> 0 | E53: =E46 -> 4200 | F53: =F46 -> 4000 | G53: =G46 -> 3800 | H53: =H46 -> 380 | I53: =I32 -> 5500 | J53: =J46 -> 1000 | K53: =K46 -> 375 | L53: =L46 -> 585 | M53: =M46 -> 1000 | N53: =N46 -> 3300 | O53: =O46 -> 0 | P53: =P46 -> 0 | Q53: =Q46 -> 2
A54: 6 | B54: =0.9*3 -> 2.7 | C54: 1.2 | D54: =B54*C54 -> 3.24 | I54: =B54*0.4 -> 1.08 | J54: 2 | K54: =A54 -> 6 | L54: =B54 -> 2.7 | M54: =A54 -> 6 | N54: =(1.2*0.4)*2 -> 0.96
D55: =D48 -> 7500 | E55: 2 | F55: 0 | G55: 0 | H55: =B54*2 -> 5.4
D56: =D54*D55 -> 24300 | E56: =E55*E53 -> 8400 | F56: =F53*F55 -> 0 | G56: =G53*G55 -> 0 | H56: =H53*H55 -> 2052 | I56: =I53*I54 -> 5940 | J56: =J53*J54 -> 2000 | K56: =K53*K54 -> 2250 | L56: =L53*L54 -> 1579.5 | M56: =M53*M54 -> 6000 | N56: =N53*N54 -> 3168 | O56: =SUM(D56:N56) -> 55689.5 | P56: =O56/A54 -> 9281.5833 | Q56: =P56*Q53 -> 18563.167 | R56: =MROUND(Q56,100) -> 18600
A58: =PRICELIST!I224 -> WSTK-LNR-SH-PoLM-900-X
A59: users | B59: length | C59: w | D59: total top | E59: 1200 | F59: 900 | G59: 600 | H59: beam/mts | I59: total screen | J59: ele modty | K59: labour | L59: raceway | M59: a flap | N59: Leg Apron | O59: total | P59: per/psn | Q59: profit | R59: rounding
A60: =A53 -> 0 | B60: =B53 -> 0 | C60: =C53 -> 0 | D60: =D53 -> 0 | E60: =E53 -> 4200 | F60: =F53 -> 4000 | G60: =G53 -> 3800 | H60: =H53 -> 380 | I60: =I39 -> 0 | J60: =J53 -> 1000 | K60: =K53 -> 375 | L60: =L53 -> 585 | M60: =M53 -> 1000 | N60: =N53 -> 3300 | O60: =O53 -> 0 | P60: =P53 -> 0 | Q60: =Q53 -> 2
A61: 6 | B61: =0.9*3 -> 2.7 | C61: 1.2 | D61: =B61*C61 -> 3.24 | I61: =B61*0.4 -> 1.08 | J61: 2 | K61: =A61 -> 6 | L61: =B61 -> 2.7 | M61: =A61 -> 6 | N61: =(1.2*0.4)*2 -> 0.96
D62: =D55 -> 7500 | E62: 2 | F62: 0 | G62: 0 | H62: =B61*2 -> 5.4
D63: =D61*D62 -> 24300 | E63: =E62*E60 -> 8400 | F63: =F60*F62 -> 0 | G63: =G60*G62 -> 0 | H63: =H60*H62 -> 2052 | I63: =I60*I61 -> 0 | J63: =J60*J61 -> 2000 | K63: =K60*K61 -> 2250 | L63: =L60*L61 -> 1579.5 | M63: =M60*M61 -> 6000 | N63: =N60*N61 -> 3168 | O63: =SUM(D63:N63) -> 49749.5 | P63: =O63/A61 -> 8291.5833 | Q63: =P63*Q60 -> 16583.167 | R63: =MROUND(Q63,100) -> 16600
A65: =PRICELIST!I225 -> WSTK-LNR-SH-LVM-900-F
A66: users | B66: length | C66: w | D66: total top | E66: 1200 | F66: 900 | G66: 600 | H66: beam/mts | I66: total screen | J66: ele modty | K66: labour | L66: raceway | M66: a flap | N66: Leg Apron | O66: total | P66: per/psn | Q66: profit | R66: rounding
A67: =A60 -> 0 | B67: =B60 -> 0 | C67: =C60 -> 0 | D67: =D60 -> 0 | E67: =E60 -> 4200 | F67: =F60 -> 4000 | G67: =G60 -> 3800 | H67: =H60 -> 380 | I67: =I46 -> 4800 | J67: =J60 -> 1000 | K67: =K60 -> 375 | L67: =L60 -> 585 | M67: =M60 -> 1000 | N67: =N60 -> 3300 | O67: =O60 -> 0 | P67: =P60 -> 0 | Q67: =Q60 -> 2
A68: 6 | B68: =0.9*3 -> 2.7 | C68: 1.2 | D68: =B68*C68 -> 3.24 | I68: =B68*0.4 -> 1.08 | J68: 2 | K68: =A68 -> 6 | L68: =B68 -> 2.7 | M68: =A68 -> 6 | N68: =(1.2*0.4)*2 -> 0.96
D69: ='MASTER DATA'!C6 -> 9500 | E69: 2 | F69: 0 | G69: 0 | H69: =B68*2 -> 5.4
D70: =D68*D69 -> 30780 | E70: =E69*E67 -> 8400 | F70: =F67*F69 -> 0 | G70: =G67*G69 -> 0 | H70: =H67*H69 -> 2052 | I70: =I67*I68 -> 5184 | J70: =J67*J68 -> 2000 | K70: =K67*K68 -> 2250 | L70: =L67*L68 -> 1579.5 | M70: =M67*M68 -> 6000 | N70: =N67*N68 -> 3168 | O70: =SUM(D70:N70) -> 61413.5 | P70: =O70/A68 -> 10235.583 | Q70: =P70*Q67 -> 20471.167 | R70: =MROUND(Q70,100) -> 20500
A72: =PRICELIST!I226 -> WSTK-LNR-SH-LVM-900-G
A73: users | B73: length | C73: w | D73: total top | E73: 1200 | F73: 900 | G73: 600 | H73: beam/mts | I73: total screen | J73: ele modty | K73: labour | L73: raceway | M73: a flap | N73: Leg Apron | O73: total | P73: per/psn | Q73: profit | R73: rounding
A74: =A67 -> 0 | B74: =B67 -> 0 | C74: =C67 -> 0 | D74: =D67 -> 0 | E74: =E67 -> 4200 | F74: =F67 -> 4000 | G74: =G67 -> 3800 | H74: =H67 -> 380 | I74: =I53 -> 5500 | J74: =J67 -> 1000 | K74: =K67 -> 375 | L74: =L67 -> 585 | M74: =M67 -> 1000 | N74: =N67 -> 3300 | O74: =O67 -> 0 | P74: =P67 -> 0 | Q74: =Q67 -> 2
A75: 6 | B75: =0.9*3 -> 2.7 | C75: 1.2 | D75: =B75*C75 -> 3.24 | I75: =B75*0.4 -> 1.08 | J75: 2 | K75: =A75 -> 6 | L75: =B75 -> 2.7 | M75: =A75 -> 6 | N75: =(1.2*0.4)*2 -> 0.96
D76: =D69 -> 9500 | E76: 2 | F76: 0 | G76: 0 | H76: =B75*2 -> 5.4
D77: =D75*D76 -> 30780 | E77: =E76*E74 -> 8400 | F77: =F74*F76 -> 0 | G77: =G74*G76 -> 0 | H77: =H74*H76 -> 2052 | I77: =I74*I75 -> 5940 | J77: =J74*J75 -> 2000 | K77: =K74*K75 -> 2250 | L77: =L74*L75 -> 1579.5 | M77: =M74*M75 -> 6000 | N77: =N74*N75 -> 3168 | O77: =SUM(D77:N77) -> 62169.5 | P77: =O77/A75 -> 10361.583 | Q77: =P77*Q74 -> 20723.167 | R77: =MROUND(Q77,100) -> 20700
A79: =PRICELIST!I227 -> WSTK-LNR-SH-LVM-900-X
A80: users | B80: length | C80: w | D80: total top | E80: 1200 | F80: 900 | G80: 600 | H80: beam/mts | I80: total screen | J80: ele modty | K80: labour | L80: raceway | M80: a flap | N80: Leg Apron | O80: total | P80: per/psn | Q80: profit | R80: rounding
A81: =A74 -> 0 | B81: =B74 -> 0 | C81: =C74 -> 0 | D81: =D74 -> 0 | E81: =E74 -> 4200 | F81: =F74 -> 4000 | G81: =G74 -> 3800 | H81: =H74 -> 380 | I81: =I60 -> 0 | J81: =J74 -> 1000 | K81: =K74 -> 375 | L81: =L74 -> 585 | M81: =M74 -> 1000 | N81: =N74 -> 3300 | O81: =O74 -> 0 | P81: =P74 -> 0 | Q81: =Q74 -> 2
A82: 6 | B82: =0.9*3 -> 2.7 | C82: 1.2 | D82: =B82*C82 -> 3.24 | I82: =B82*0.4 -> 1.08 | J82: 2 | K82: =A82 -> 6 | L82: =B82 -> 2.7 | M82: =A82 -> 6 | N82: =(1.2*0.4)*2 -> 0.96
D83: =D76 -> 9500 | E83: 2 | F83: 0 | G83: 0 | H83: =B82*2 -> 5.4
D84: =D82*D83 -> 30780 | E84: =E83*E81 -> 8400 | F84: =F81*F83 -> 0 | G84: =G81*G83 -> 0 | H84: =H81*H83 -> 2052 | I84: =I81*I82 -> 0 | J84: =J81*J82 -> 2000 | K84: =K81*K82 -> 2250 | L84: =L81*L82 -> 1579.5 | M84: =M81*M82 -> 6000 | N84: =N81*N82 -> 3168 | O84: =SUM(D84:N84) -> 56229.5 | P84: =O84/A82 -> 9371.5833 | Q84: =P84*Q81 -> 18743.167 | R84: =MROUND(Q84,100) -> 18700
A86: =PRICELIST!I228 -> WSTK-LNR-SH-LVP-900-F
A87: users | B87: length | C87: w | D87: total top | E87: 1200 | F87: 900 | G87: 600 | H87: beam/mts | I87: total screen | J87: ele modty | K87: labour | L87: raceway | M87: a flap | N87: Leg Apron | O87: total | P87: per/psn | Q87: profit | R87: rounding
A88: =A81 -> 0 | B88: =B81 -> 0 | C88: =C81 -> 0 | D88: =D81 -> 0 | E88: =E81 -> 4200 | F88: =F81 -> 4000 | G88: =G81 -> 3800 | H88: =H81 -> 380 | I88: =I67 -> 4800 | J88: =J81 -> 1000 | K88: =K81 -> 375 | L88: =L81 -> 585 | M88: =M81 -> 1000 | N88: =N81 -> 3300 | O88: =O81 -> 0 | P88: =P81 -> 0 | Q88: =Q81 -> 2
A89: 6 | B89: =0.9*3 -> 2.7 | C89: 1.2 | D89: =B89*C89 -> 3.24 | I89: =B89*0.4 -> 1.08 | J89: 2 | K89: =A89 -> 6 | L89: =B89 -> 2.7 | M89: =A89 -> 6 | N89: =(1.2*0.4)*2 -> 0.96
D90: ='MASTER DATA'!C7 -> 10500 | E90: 2 | F90: 0 | G90: 0 | H90: =B89*2 -> 5.4
D91: =D89*D90 -> 34020 | E91: =E90*E88 -> 8400 | F91: =F88*F90 -> 0 | G91: =G88*G90 -> 0 | H91: =H88*H90 -> 2052 | I91: =I88*I89 -> 5184 | J91: =J88*J89 -> 2000 | K91: =K88*K89 -> 2250 | L91: =L88*L89 -> 1579.5 | M91: =M88*M89 -> 6000 | N91: =N88*N89 -> 3168 | O91: =SUM(D91:N91) -> 64653.5 | P91: =O91/A89 -> 10775.583 | Q91: =P91*Q88 -> 21551.167 | R91: =MROUND(Q91,100) -> 21600
A93: =PRICELIST!I229 -> WSTK-LNR-SH-LVP-900-G
A94: users | B94: length | C94: w | D94: total top | E94: 1200 | F94: 900 | G94: 600 | H94: beam/mts | I94: total screen | J94: ele modty | K94: labour | L94: raceway | M94: a flap | N94: Leg Apron | O94: total | P94: per/psn | Q94: profit | R94: rounding
A95: =A88 -> 0 | B95: =B88 -> 0 | C95: =C88 -> 0 | D95: =D88 -> 0 | E95: =E88 -> 4200 | F95: =F88 -> 4000 | G95: =G88 -> 3800 | H95: =H88 -> 380 | I95: =I74 -> 5500 | J95: =J88 -> 1000 | K95: =K88 -> 375 | L95: =L88 -> 585 | M95: =M88 -> 1000 | N95: =N88 -> 3300 | O95: =O88 -> 0 | P95: =P88 -> 0 | Q95: =Q88 -> 2
A96: 6 | B96: =0.9*3 -> 2.7 | C96: 1.2 | D96: =B96*C96 -> 3.24 | I96: =B96*0.4 -> 1.08 | J96: 2 | K96: =A96 -> 6 | L96: =B96 -> 2.7 | M96: =A96 -> 6 | N96: =(1.2*0.4)*2 -> 0.96
D97: =D90 -> 10500 | E97: 2 | F97: 0 | G97: 0 | H97: =B96*2 -> 5.4
D98: =D96*D97 -> 34020 | E98: =E97*E95 -> 8400 | F98: =F95*F97 -> 0 | G98: =G95*G97 -> 0 | H98: =H95*H97 -> 2052 | I98: =I95*I96 -> 5940 | J98: =J95*J96 -> 2000 | K98: =K95*K96 -> 2250 | L98: =L95*L96 -> 1579.5 | M98: =M95*M96 -> 6000 | N98: =N95*N96 -> 3168 | O98: =SUM(D98:N98) -> 65409.5 | P98: =O98/A96 -> 10901.583 | Q98: =P98*Q95 -> 21803.167 | R98: =MROUND(Q98,100) -> 21800
A100: =PRICELIST!I230 -> WSTK-LNR-SH-LVP-900-X
A101: users | B101: length | C101: w | D101: total top | E101: 1200 | F101: 900 | G101: 600 | H101: beam/mts | I101: total screen | J101: ele modty | K101: labour | L101: raceway | M101: a flap | N101: Leg Apron | O101: total | P101: per/psn | Q101: profit | R101: rounding
A102: =A95 -> 0 | B102: =B95 -> 0 | C102: =C95 -> 0 | D102: =D95 -> 0 | E102: =E95 -> 4200 | F102: =F95 -> 4000 | G102: =G95 -> 3800 | H102: =H95 -> 380 | I102: =I81 -> 0 | J102: =J95 -> 1000 | K102: =K95 -> 375 | L102: =L95 -> 585 | M102: =M95 -> 1000 | N102: =N95 -> 3300 | O102: =O95 -> 0 | P102: =P95 -> 0 | Q102: =Q95 -> 2
A103: 6 | B103: =0.9*3 -> 2.7 | C103: 1.2 | D103: =B103*C103 -> 3.24 | I103: =B103*0.4 -> 1.08 | J103: 2 | K103: =A103 -> 6 | L103: =B103 -> 2.7 | M103: =A103 -> 6 | N103: =(1.2*0.4)*2 -> 0.96
D104: =D97 -> 10500 | E104: 2 | F104: 0 | G104: 0 | H104: =B103*2 -> 5.4
D105: =D103*D104 -> 34020 | E105: =E104*E102 -> 8400 | F105: =F102*F104 -> 0 | G105: =G102*G104 -> 0 | H105: =H102*H104 -> 2052 | I105: =I102*I103 -> 0 | J105: =J102*J103 -> 2000 | K105: =K102*K103 -> 2250 | L105: =L102*L103 -> 1579.5 | M105: =M102*M103 -> 6000 | N105: =N102*N103 -> 3168 | O105: =SUM(D105:N105) -> 59469.5 | P105: =O105/A103 -> 9911.5833 | Q105: =P105*Q102 -> 19823.167 | R105: =MROUND(Q105,100) -> 19800
A107: =PRICELIST!I231 -> WSTK-LNR-SH-MB-900-F
A108: users | B108: length | C108: w | D108: total top | E108: 1200 | F108: 900 | G108: 600 | H108: beam/mts | I108: total screen | J108: ele modty | K108: labour | L108: raceway | M108: a flap | N108: Leg Apron | O108: total | P108: per/psn | Q108: profit | R108: rounding
A109: =A102 -> 0 | B109: =B102 -> 0 | C109: =C102 -> 0 | D109: =D102 -> 0 | E109: =E102 -> 4200 | F109: =F102 -> 4000 | G109: =G102 -> 3800 | H109: =H102 -> 380 | I109: =I88 -> 4800 | J109: =J102 -> 1000 | K109: =K102 -> 375 | L109: =L102 -> 585 | M109: =M102 -> 1000 | N109: =N102 -> 3300 | O109: =O102 -> 0 | P109: =P102 -> 0 | Q109: =Q102 -> 2
A110: 6 | B110: =0.9*3 -> 2.7 | C110: 1.2 | D110: =B110*C110 -> 3.24 | I110: =B110*0.4 -> 1.08 | J110: 2 | K110: =A110 -> 6 | L110: =B110 -> 2.7 | M110: =A110 -> 6 | N110: =(1.2*0.4)*2 -> 0.96
D111: ='MASTER DATA'!C10 -> 16250 | E111: 2 | F111: 0 | G111: 0 | H111: =B110*2 -> 5.4
D112: =D110*D111 -> 52650 | E112: =E111*E109 -> 8400 | F112: =F109*F111 -> 0 | G112: =G109*G111 -> 0 | H112: =H109*H111 -> 2052 | I112: =I109*I110 -> 5184 | J112: =J109*J110 -> 2000 | K112: =K109*K110 -> 2250 | L112: =L109*L110 -> 1579.5 | M112: =M109*M110 -> 6000 | N112: =N109*N110 -> 3168 | O112: =SUM(D112:N112) -> 83283.5 | P112: =O112/A110 -> 13880.583 | Q112: =P112*Q109 -> 27761.167 | R112: =MROUND(Q112,100) -> 27800
A114: =PRICELIST!I232 -> WSTK-LNR-SH-MB-900-G
A115: users | B115: length | C115: w | D115: total top | E115: 1200 | F115: 900 | G115: 600 | H115: beam/mts | I115: total screen | J115: ele modty | K115: labour | L115: raceway | M115: a flap | N115: Leg Apron | O115: total | P115: per/psn | Q115: profit | R115: rounding
...

Sheet CALC PANEL WST
A1: CALC
A2: =PRICELIST!I414 -> WPNL-LNR-SH-PB-1200
A3: users | B3: length | C3: w | D3: total top | E3: PANELS | F3: beam/mts | G3: labour | H3: total | I3: per/psn | J3: profit | K3: rounding
E4: ='MASTER DATA'!E12 -> 6000 | F4: 380 | G4: 500 | J4: ='MASTER DATA'!C16 -> 2
A5: 6 | B5: =1.2*3 -> 3.6 | C5: =1.2 -> 1.2 | D5: =B5*C5 -> 4.32 | E5: =B5+(((A5/2)+1)*C5) -> 8.4 | G5: =A5 -> 6
D6: ='MASTER DATA'!C3 -> 2200 | E6: 1.2 | F6: =B5*2 -> 7.2
D7: =D5*D6 -> 9504 | E7: =E6*E5*E4 -> 60480 | F7: =F4*F6 -> 2736 | G7: =G4*G5 -> 3000 | H7: =SUM(D7:G7) -> 75720 | I7: =H7/A5 -> 12620 | J7: =I7*J4 -> 25240 | K7: =MROUND(J7,100) -> 25200
A9: =PRICELIST!I415 -> WPNL-LNR-NSH-PB-1200
A10: users | B10: length | C10: w | D10: total top | E10: PANELS | F10: beam/mts | G10: labour | H10: total | I10: per/psn | J10: profit | K10: rounding
E11: =E4 -> 6000 | F11: 380 | G11: 500 | J11: =J4 -> 2
A12: 3 | B12: =1.2*3 -> 3.6 | C12: 0.6 | D12: =B12*C12 -> 2.16 | E12: =B12+(((A12/2)+1)*C12) -> 5.1 | G12: =A12 -> 3
D13: =D6 -> 2200 | E13: 1.2 | F13: =B12*2 -> 7.2
D14: =D12*D13 -> 4752 | E14: =E13*E12*E11 -> 36720 | F14: =F11*F13 -> 2736 | G14: =G11*G12 -> 1500 | H14: =SUM(D14:G14) -> 45708 | I14: =H14/A12 -> 15236 | J14: =I14*J11 -> 30472 | K14: =MROUND(J14,100) -> 30500
J15: =J8 -> 0
A16: =PRICELIST!I416 -> WPNL-LNR-SU-PB-1200
A17: users | B17: length | C17: w | D17: total top | E17: PANELS | F17: beam/mts | G17: labour | H17: total | I17: per/psn | J17: profit | K17: rounding
E18: =E11 -> 6000 | F18: 380 | G18: 500 | J18: =J11 -> 2
A19: 1 | B19: 1.2 | C19: 0.6 | D19: =B19*C19 -> 0.72 | E19: =(C19*2)+B19 -> 2.4 | G19: =A19 -> 1
D20: =D13 -> 2200 | E20: 1.2 | F20: =B19*2 -> 2.4
D21: =D19*D20 -> 1584 | E21: =E20*E19*E18 -> 17280 | F21: =F18*F20 -> 912 | G21: =G18*G19 -> 500 | H21: =SUM(D21:G21) -> 20276 | I21: =H21/A19 -> 20276 | J21: =I21*J18 -> 40552 | K21: =MROUND(J21,100) -> 40600
A23: =PRICELIST!I417 -> WPNL-LNR-SH-PB-1500
A24: users | B24: length | C24: w | D24: total top | E24: PANELS | F24: beam/mts | G24: labour | H24: total | I24: per/psn | J24: profit | K24: rounding
E25: =E18 -> 6000 | F25: 380 | G25: 500 | J25: =J18 -> 2
A26: 6 | B26: 4.5 | C26: =1.2 -> 1.2 | D26: =B26*C26 -> 5.4 | E26: =B26+(((A26/2)+1)*C26) -> 9.3 | G26: =A26 -> 6
D27: =D20 -> 2200 | E27: 1.2 | F27: =B26*2 -> 9
D28: =D26*D27 -> 11880 | E28: =E27*E26*E25 -> 66960 | F28: =F25*F27 -> 3420 | G28: =G25*G26 -> 3000 | H28: =SUM(D28:G28) -> 85260 | I28: =H28/A26 -> 14210 | J28: =I28*J25 -> 28420 | K28: =MROUND(J28,100) -> 28400
A30: =PRICELIST!I418 -> WPNL-LNR-NSH-PB-1500
A31: users | B31: length | C31: w | D31: total top | E31: PANELS | F31: beam/mts | G31: labour | H31: total | I31: per/psn | J31: profit | K31: rounding
E32: =E25 -> 6000 | F32: 380 | G32: 500 | J32: =J25 -> 2
A33: 3 | B33: =1.5*3 -> 4.5 | C33: 0.6 | D33: =B33*C33 -> 2.7 | E33: =B33+(((A33/2)+1)*C33) -> 6 | G33: =A33 -> 3
D34: =D27 -> 2200 | E34: 1.2 | F34: =B33*2 -> 9
D35: =D33*D34 -> 5940 | E35: =E34*E33*E32 -> 43200 | F35: =F32*F34 -> 3420 | G35: =G32*G33 -> 1500 | H35: =SUM(D35:G35) -> 54060 | I35: =H35/A33 -> 18020 | J35: =I35*J32 -> 36040 | K35: =MROUND(J35,100) -> 36000
A37: =PRICELIST!I419 -> WPNL-LNR-SU-PB-1500
A38: users | B38: length | C38: w | D38: total top | E38: PANELS | F38: beam/mts | G38: labour | H38: total | I38: per/psn | J38: profit | K38: rounding
E39: =E32 -> 6000 | F39: 380 | G39: 500 | J39: =J32 -> 2
A40: 1 | B40: 1.5 | C40: 0.6 | D40: =B40*C40 -> 0.9 | E40: =(C40*2)+B40 -> 2.7 | G40: =A40 -> 1
D41: =D34 -> 2200 | E41: 1.2 | F41: =B40*2 -> 3
D42: =D40*D41 -> 1980 | E42: =E41*E40*E39 -> 19440 | F42: =F39*F41 -> 1140 | G42: =G39*G40 -> 500 | H42: =SUM(D42:G42) -> 23060 | I42: =H42/A40 -> 23060 | J42: =I42*J39 -> 46120 | K42: =MROUND(J42,100) -> 46100

Sheet CALC ECO MEETING
A1: FLEXI MEETING
A2: =PRICELIST!I422 -> MTFLX-SM-PB-1500-900
A3: users | B3: length | C3: w | D3: total top | E3: 1200 | F3: 900 | G3: 600 | H3: beam/mts | I3: ele modty | J3: labour | K3: raceway | L3: a flap | M3: total | N3: per/psn | O3: profit | P3: rounding
E4: ='MASTER DATA'!E5 -> 2100 | F4: ='MASTER DATA'!E4 -> 1900 | G4: ='MASTER DATA'!E3 -> 1800 | H4: 380 | I4: ='MASTER DATA'!I5 -> 1500 | J4: 375 | K4: 585 | L4: ='MASTER DATA'!G7 -> 3500 | O4: ='MASTER DATA'!C16 -> 2
A5: 1 | B5: 1.5 | C5: 0.9 | D5: =B5*C5 -> 1.35 | I5: 1 | J5: =A5 -> 1 | K5: =B5 -> 1.5 | L5: =A5 -> 1
D6: ='MASTER DATA'!C3 -> 2200 | E6: 0 | F6: 2 | G6: 0 | H6: =B5*2 -> 3
D7: =D5*D6 -> 2970 | E7: =E6*E4 -> 0 | F7: =F4*F6 -> 3800 | G7: =G4*G6 -> 0 | H7: =H4*H6 -> 1140 | I7: =I4*I5 -> 1500 | J7: =J4*J5 -> 375 | K7: =K4*K5 -> 877.5 | L7: =L4*L5 -> 3500 | M7: =SUM(D7:L7) -> 14162.5 | N7: =M7/A5 -> 14162.5 | O7: =N7*O4 -> 28325 | P7: =MROUND(O7,100) -> 28300
A9: =PRICELIST!I423 -> MTFLX-SM-PLM-1500-900
A10: users | B10: length | C10: w | D10: total top | E10: 1200 | F10: 900 | G10: 600 | H10: beam/mts | I10: ele modty | J10: labour | K10: raceway | L10: a flap | M10: total | N10: per/psn | O10: profit | P10: rounding
E11: =E4 -> 2100 | F11: =F4 -> 1900 | G11: =G4 -> 1800 | H11: 380 | I11: =I4 -> 1500 | J11: 375 | K11: 585 | L11: =L4 -> 3500 | O11: =O4 -> 2
A12: 1 | B12: 1.5 | C12: 0.9 | D12: =B12*C12 -> 1.35 | I12: 1 | J12: =A12 -> 1 | K12: =B12 -> 1.5 | L12: =A12 -> 1
D13: ='MASTER DATA'!C4 -> 3000 | E13: 0 | F13: 2 | G13: 0 | H13: =B12*2 -> 3
D14: =D12*D13 -> 4050 | E14: =E13*E11 -> 0 | F14: =F11*F13 -> 3800 | G14: =G11*G13 -> 0 | H14: =H11*H13 -> 1140 | I14: =I11*I12 -> 1500 | J14: =J11*J12 -> 375 | K14: =K11*K12 -> 877.5 | L14: =L11*L12 -> 3500 | M14: =SUM(D14:L14) -> 15242.5 | N14: =M14/A12 -> 15242.5 | O14: =N14*O11 -> 30485 | P14: =MROUND(O14,100) -> 30500
A16: =PRICELIST!I424 -> MTFLX-SM-PoLM-1500-900
A17: users | B17: length | C17: w | D17: total top | E17: 1200 | F17: 900 | G17: 600 | H17: beam/mts | I17: ele modty | J17: labour | K17: raceway | L17: a flap | M17: total | N17: per/psn | O17: profit | P17: rounding
E18: =E11 -> 2100 | F18: =F11 -> 1900 | G18: =G11 -> 1800 | H18: 380 | I18: =I11 -> 1500 | J18: 375 | K18: 585 | L18: =L11 -> 3500 | O18: =O11 -> 2
A19: 1 | B19: 1.5 | C19: 0.9 | D19: =B19*C19 -> 1.35 | I19: 1 | J19: =A19 -> 1 | K19: =B19 -> 1.5 | L19: =A19 -> 1
D20: ='MASTER DATA'!C5 -> 7500 | E20: 0 | F20: 2 | G20: 0 | H20: =B19*2 -> 3
D21: =D19*D20 -> 10125 | E21: =E20*E18 -> 0 | F21: =F18*F20 -> 3800 | G21: =G18*G20 -> 0 | H21: =H18*H20 -> 1140 | I21: =I18*I19 -> 1500 | J21: =J18*J19 -> 375 | K21: =K18*K19 -> 877.5 | L21: =L18*L19 -> 3500 | M21: =SUM(D21:L21) -> 21317.5 | N21: =M21/A19 -> 21317.5 | O21: =N21*O18 -> 42635 | P21: =MROUND(O21,100) -> 42600
A23: =PRICELIST!I425 -> MTFLX-SM-LVM-1500-900
A24: users | B24: length | C24: w | D24: total top | E24: 1200 | F24: 900 | G24: 600 | H24: beam/mts | I24: ele modty | J24: labour | K24: raceway | L24: a flap | M24: total | N24: per/psn | O24: profit | P24: rounding
E25: =E18 -> 2100 | F25: =F18 -> 1900 | G25: =G18 -> 1800 | H25: 380 | I25: =I18 -> 1500 | J25: 375 | K25: 585 | L25: =L18 -> 3500 | O25: =O18 -> 2
A26: 1 | B26: 1.5 | C26: 0.9 | D26: =B26*C26 -> 1.35 | I26: 1 | J26: =A26 -> 1 | K26: =B26 -> 1.5 | L26: =A26 -> 1
D27: ='MASTER DATA'!C6 -> 9500 | E27: 0 | F27: 2 | G27: 0 | H27: =B26*2 -> 3
D28: =D26*D27 -> 12825 | E28: =E27*E25 -> 0 | F28: =F25*F27 -> 3800 | G28: =G25*G27 -> 0 | H28: =H25*H27 -> 1140 | I28: =I25*I26 -> 1500 | J28: =J25*J26 -> 375 | K28: =K25*K26 -> 877.5 | L28: =L25*L26 -> 3500 | M28: =SUM(D28:L28) -> 24017.5 | N28: =M28/A26 -> 24017.5 | O28: =N28*O25 -> 48035 | P28: =MROUND(O28,100) -> 48000
A30: =PRICELIST!I426 -> MTFLX-SM-LVP-1500-900
A31: users | B31: length | C31: w | D31: total top | E31: 1200 | F31: 900 | G31: 600 | H31: beam/mts | I31: ele modty | J31: labour | K31: raceway | L31: a flap | M31: total | N31: per/psn | O31: profit | P31: rounding
E32: =E25 -> 2100 | F32: =F25 -> 1900 | G32: =G25 -> 1800 | H32: 380 | I32: =I25 -> 1500 | J32: 375 | K32: 585 | L32: =L25 -> 3500 | O32: =O25 -> 2
A33: 1 | B33: 1.5 | C33: 0.9 | D33: =B33*C33 -> 1.35 | I33: 1 | J33: =A33 -> 1 | K33: =B33 -> 1.5 | L33: =A33 -> 1
D34: ='MASTER DATA'!C7 -> 10500 | E34: 0 | F34: 2 | G34: 0 | H34: =B33*2 -> 3
D35: =D33*D34 -> 14175 | E35: =E34*E32 -> 0 | F35: =F32*F34 -> 3800 | G35: =G32*G34 -> 0 | H35: =H32*H34 -> 1140 | I35: =I32*I33 -> 1500 | J35: =J32*J33 -> 375 | K35: =K32*K33 -> 877.5 | L35: =L32*L33 -> 3500 | M35: =SUM(D35:L35) -> 25367.5 | N35: =M35/A33 -> 25367.5 | O35: =N35*O32 -> 50735 | P35: =MROUND(O35,100) -> 50700
A37: =PRICELIST!I427 -> MTFLX-SM-GL-1500-900
A38: users | B38: length | C38: w | D38: total top | E38: 1200 | F38: 900 | G38: 600 | H38: beam/mts | I38: ele modty | J38: labour | K38: raceway | L38: a flap | M38: total | N38: per/psn | O38: profit | P38: rounding
E39: =E32 -> 2100 | F39: =F32 -> 1900 | G39: =G32 -> 1800 | H39: 380 | I39: =I32 -> 1500 | J39: 375 | K39: 585 | L39: =L32 -> 3500 | O39: =O32 -> 2
A40: 1 | B40: 1.5 | C40: 0.9 | D40: =B40*C40 -> 1.35 | I40: 1 | J40: =A40 -> 1 | K40: =B40 -> 1.5 | L40: =A40 -> 1
D41: ='MASTER DATA'!C9 -> 7500 | E41: 0 | F41: 2 | G41: 0 | H41: =B40*2 -> 3
D42: =D40*D41 -> 10125 | E42: =E41*E39 -> 0 | F42: =F39*F41 -> 3800 | G42: =G39*G41 -> 0 | H42: =H39*H41 -> 1140 | I42: =I39*I40 -> 1500 | J42: =J39*J40 -> 375 | K42: =K39*K40 -> 877.5 | L42: =L39*L40 -> 3500 | M42: =SUM(D42:L42) -> 21317.5 | N42: =M42/A40 -> 21317.5 | O42: =N42*O39 -> 42635 | P42: =MROUND(O42,100) -> 42600
A44: =PRICELIST!I428 -> MTFLX-MD-PB-2400-1200
A45: users | B45: length | C45: w | D45: total top | E45: 1200 | F45: 900 | G45: 600 | H45: beam/mts | I45: ele modty | J45: labour | K45: raceway | L45: a flap | M45: total | N45: per/psn | O45: profit | P45: rounding
E46: =E39 -> 2100 | F46: =F39 -> 1900 | G46: =G39 -> 1800 | H46: 380 | I46: ='MASTER DATA'!I4 -> 4000 | J46: 375 | K46: 585 | L46: =L39 -> 3500 | O46: =O39 -> 2
A47: 1 | B47: 2.4 | C47: 1.2 | D47: =B47*C47 -> 2.88 | I47: 1 | J47: =A47 -> 1 | K47: =B47 -> 2.4 | L47: 2
D48: =D6 -> 2200 | E48: 2 | F48: 0 | G48: 0 | H48: =B47*2 -> 4.8
D49: =D47*D48 -> 6336 | E49: =E48*E46 -> 4200 | F49: =F46*F48 -> 0 | G49: =G46*G48 -> 0 | H49: =H46*H48 -> 1824 | I49: =I46*I47 -> 4000 | J49: =J46*J47 -> 375 | K49: =K46*K47 -> 1404 | L49: =L46*L47 -> 7000 | M49: =SUM(D49:L49) -> 25139 | N49: =M49/A47 -> 25139 | O49: =N49*O46 -> 50278 | P49: =MROUND(O49,100) -> 50300
A51: =PRICELIST!I429 -> MTFLX-MD-PLM-2400-1200
A52: users | B52: length | C52: w | D52: total top | E52: 1200 | F52: 900 | G52: 600 | H52: beam/mts | I52: ele modty | J52: labour | K52: raceway | L52: a flap | M52: total | N52: per/psn | O52: profit | P52: rounding
E53: =E46 -> 2100 | F53: =F46 -> 1900 | G53: =G46 -> 1800 | H53: 380 | I53: =I46 -> 4000 | J53: 375 | K53: 585 | L53: =L46 -> 3500 | O53: =O46 -> 2
A54: 1 | B54: 2.4 | C54: 1.2 | D54: =B54*C54 -> 2.88 | I54: 1 | J54: =A54 -> 1 | K54: =B54 -> 2.4 | L54: =L47 -> 2
D55: =D13 -> 3000 | E55: 2 | F55: 0 | G55: 0 | H55: =B54*2 -> 4.8
D56: =D54*D55 -> 8640 | E56: =E55*E53 -> 4200 | F56: =F53*F55 -> 0 | G56: =G53*G55 -> 0 | H56: =H53*H55 -> 1824 | I56: =I53*I54 -> 4000 | J56: =J53*J54 -> 375 | K56: =K53*K54 -> 1404 | L56: =L53*L54 -> 7000 | M56: =SUM(D56:L56) -> 27443 | N56: =M56/A54 -> 27443 | O56: =N56*O53 -> 54886 | P56: =MROUND(O56,100) -> 54900
A58: =PRICELIST!I430 -> MTFLX-MD-PoLM-2400-1200
A59: users | B59: length | C59: w | D59: total top | E59: 1200 | F59: 900 | G59: 600 | H59: beam/mts | I59: ele modty | J59: labour | K59: raceway | L59: a flap | M59: total | N59: per/psn | O59: profit | P59: rounding
E60: =E53 -> 2100 | F60: =F53 -> 1900 | G60: =G53 -> 1800 | H60: 380 | I60: =I53 -> 4000 | J60: 375 | K60: 585 | L60: =L53 -> 3500 | O60: =O53 -> 2
A61: 1 | B61: 2.4 | C61: 1.2 | D61: =B61*C61 -> 2.88 | I61: 1 | J61: =A61 -> 1 | K61: =B61 -> 2.4 | L61: =L54 -> 2
D62: =D20 -> 7500 | E62: 2 | F62: 0 | G62: 0 | H62: =B61*2 -> 4.8
D63: =D61*D62 -> 21600 | E63: =E62*E60 -> 4200 | F63: =F60*F62 -> 0 | G63: =G60*G62 -> 0 | H63: =H60*H62 -> 1824 | I63: =I60*I61 -> 4000 | J63: =J60*J61 -> 375 | K63: =K60*K61 -> 1404 | L63: =L60*L61 -> 7000 | M63: =SUM(D63:L63) -> 40403 | N63: =M63/A61 -> 40403 | O63: =N63*O60 -> 80806 | P63: =MROUND(O63,100) -> 80800
A65: =PRICELIST!I431 -> MTFLX-MD-LVM-2400-1200
A66: users | B66: length | C66: w | D66: total top | E66: 1200 | F66: 900 | G66: 600 | H66: beam/mts | I66: ele modty | J66: labour | K66: raceway | L66: a flap | M66: total | N66: per/psn | O66: profit | P66: rounding
E67: =E60 -> 2100 | F67: =F60 -> 1900 | G67: =G60 -> 1800 | H67: 380 | I67: =I60 -> 4000 | J67: 375 | K67: 585 | L67: =L60 -> 3500 | O67: =O60 -> 2
A68: 1 | B68: 2.4 | C68: 1.2 | D68: =B68*C68 -> 2.88 | I68: 1 | J68: =A68 -> 1 | K68: =B68 -> 2.4 | L68: =L61 -> 2
D69: =D27 -> 9500 | E69: 2 | F69: 0 | G69: 0 | H69: =B68*2 -> 4.8
D70: =D68*D69 -> 27360 | E70: =E69*E67 -> 4200 | F70: =F67*F69 -> 0 | G70: =G67*G69 -> 0 | H70: =H67*H69 -> 1824 | I70: =I67*I68 -> 4000 | J70: =J67*J68 -> 375 | K70: =K67*K68 -> 1404 | L70: =L67*L68 -> 7000 | M70: =SUM(D70:L70) -> 46163 | N70: =M70/A68 -> 46163 | O70: =N70*O67 -> 92326 | P70: =MROUND(O70,100) -> 92300
A72: =PRICELIST!I432 -> MTFLX-MD-LVP-2400-1200
A73: users | B73: length | C73: w | D73: total top | E73: 1200 | F73: 900 | G73: 600 | H73: beam/mts | I73: ele modty | J73: labour | K73: raceway | L73: a flap | M73: total | N73: per/psn | O73: profit | P73: rounding
E74: =E67 -> 2100 | F74: =F67 -> 1900 | G74: =G67 -> 1800 | H74: 380 | I74: =I67 -> 4000 | J74: 375 | K74: 585 | L74: =L67 -> 3500 | O74: =O67 -> 2
A75: 1 | B75: 2.4 | C75: 1.2 | D75: =B75*C75 -> 2.88 | I75: 1 | J75: =A75 -> 1 | K75: =B75 -> 2.4 | L75: =L68 -> 2
D76: =D34 -> 10500 | E76: 2 | F76: 0 | G76: 0 | H76: =B75*2 -> 4.8
D77: =D75*D76 -> 30240 | E77: =E76*E74 -> 4200 | F77: =F74*F76 -> 0 | G77: =G74*G76 -> 0 | H77: =H74*H76 -> 1824 | I77: =I74*I75 -> 4000 | J77: =J74*J75 -> 375 | K77: =K74*K75 -> 1404 | L77: =L74*L75 -> 7000 | M77: =SUM(D77:L77) -> 49043 | N77: =M77/A75 -> 49043 | O77: =N77*O74 -> 98086 | P77: =MROUND(O77,100) -> 98100
A79: =PRICELIST!I433 -> MTFLX-MD-GL-2400-1200
A80: users | B80: length | C80: w | D80: total top | E80: 1200 | F80: 900 | G80: 600 | H80: beam/mts | I80: ele modty | J80: labour | K80: raceway | L80: a flap | M80: total | N80: per/psn | O80: profit | P80: rounding
E81: =E74 -> 2100 | F81: =F74 -> 1900 | G81: =G74 -> 1800 | H81: 380 | I81: =I74 -> 4000 | J81: 375 | K81: 585 | L81: =L74 -> 3500 | O81: =O74 -> 2
A82: 1 | B82: 2.4 | C82: 1.2 | D82: =B82*C82 -> 2.88 | I82: 1 | J82: =A82 -> 1 | K82: =B82 -> 2.4 | L82: =L75 -> 2
D83: =D41 -> 7500 | E83: 2 | F83: 0 | G83: 0 | H83: =B82*2 -> 4.8
D84: =D82*D83 -> 21600 | E84: =E83*E81 -> 4200 | F84: =F81*F83 -> 0 | G84: =G81*G83 -> 0 | H84: =H81*H83 -> 1824 | I84: =I81*I82 -> 4000 | J84: =J81*J82 -> 375 | K84: =K81*K82 -> 1404 | L84: =L81*L82 -> 7000 | M84: =SUM(D84:L84) -> 40403 | N84: =M84/A82 -> 40403 | O84: =N84*O81 -> 80806 | P84: =MROUND(O84,100) -> 80800
A86: =PRICELIST!I434 -> MTFLX-LG-PB-3600-1200
A87: users | B87: length | C87: w | D87: total top | E87: 1200 | F87: 900 | G87: 600 | H87: beam/mts | I87: ele modty | J87: labour | K87: raceway | L87: a flap | M87: total | N87: per/psn | O87: profit | P87: rounding
E88: =E81 -> 2100 | F88: =F81 -> 1900 | G88: =G81 -> 1800 | H88: 380 | I88: =I81 -> 4000 | J88: 375 | K88: 585 | L88: =L81 -> 3500 | O88: =O81 -> 2
A89: 1 | B89: 3.6 | C89: 1.2 | D89: =B89*C89 -> 4.32 | I89: 2 | J89: =A89 -> 1 | K89: =B89 -> 3.6 | L89: 3
D90: =D48 -> 2200 | E90: 2 | F90: 0 | G90: 0 | H90: =B89*2 -> 7.2
D91: =D89*D90 -> 9504 | E91: =E90*E88 -> 4200 | F91: =F88*F90 -> 0 | G91: =G88*G90 -> 0 | H91: =H88*H90 -> 2736 | I91: =I88*I89 -> 8000 | J91: =J88*J89 -> 375 | K91: =K88*K89 -> 2106 | L91: =L88*L89 -> 10500 | M91: =SUM(D91:L91) -> 37421 | N91: =M91/A89 -> 37421 | O91: =N91*O88 -> 74842 | P91: =MROUND(O91,100) -> 74800
A93: =PRICELIST!I435 -> MTFLX-LG-PLM-3600-1200
A94: users | B94: length | C94: w | D94: total top | E94: 1200 | F94: 900 | G94: 600 | H94: beam/mts | I94: ele modty | J94: labour | K94: raceway | L94: a flap | M94: total | N94: per/psn | O94: profit | P94: rounding
E95: =E88 -> 2100 | F95: =F88 -> 1900 | G95: =G88 -> 1800 | H95: 380 | I95: =I88 -> 4000 | J95: 375 | K95: 585 | L95: =L88 -> 3500 | O95: =O88 -> 2
A96: 1 | B96: 3.6 | C96: 1.2 | D96: =B96*C96 -> 4.32 | I96: 2 | J96: =A96 -> 1 | K96: =B96 -> 3.6 | L96: =L89 -> 3
D97: =D55 -> 3000 | E97: 2 | F97: 0 | G97: 0 | H97: =B96*2 -> 7.2
D98: =D96*D97 -> 12960 | E98: =E97*E95 -> 4200 | F98: =F95*F97 -> 0 | G98: =G95*G97 -> 0 | H98: =H95*H97 -> 2736 | I98: =I95*I96 -> 8000 | J98: =J95*J96 -> 375 | K98: =K95*K96 -> 2106 | L98: =L95*L96 -> 10500 | M98: =SUM(D98:L98) -> 40877 | N98: =M98/A96 -> 40877 | O98: =N98*O95 -> 81754 | P98: =MROUND(O98,100) -> 81800
A100: =PRICELIST!I436 -> MTFLX-LG-PoLM-3600-1200
A101: users | B101: length | C101: w | D101: total top | E101: 1200 | F101: 900 | G101: 600 | H101: beam/mts | I101: ele modty | J101: labour | K101: raceway | L101: a flap | M101: total | N101: per/psn | O101: profit | P101: rounding
E102: =E95 -> 2100 | F102: =F95 -> 1900 | G102: =G95 -> 1800 | H102: 380 | I102: =I95 -> 4000 | J102: 375 | K102: 585 | L102: =L95 -> 3500 | O102: =O95 -> 2
A103: 1 | B103: 3.6 | C103: 1.2 | D103: =B103*C103 -> 4.32 | I103: 2 | J103: =A103 -> 1 | K103: =B103 -> 3.6 | L103: =L96 -> 3
D104: =D62 -> 7500 | E104: 2 | F104: 0 | G104: 0 | H104: =B103*2 -> 7.2
D105: =D103*D104 -> 32400 | E105: =E104*E102 -> 4200 | F105: =F102*F104 -> 0 | G105: =G102*G104 -> 0 | H105: =H102*H104 -> 2736 | I105: =I102*I103 -> 8000 | J105: =J102*J103 -> 375 | K105: =K102*K103 -> 2106 | L105: =L102*L103 -> 10500 | M105: =SUM(D105:L105) -> 60317 | N105: =M105/A103 -> 60317 | O105: =N105*O102 -> 120634 | P105: =MROUND(O105,100) -> 120600
A107: =PRICELIST!I437 -> MTFLX-LG-LVM-3600-1200
A108: users | B108: length | C108: w | D108: total top | E108: 1200 | F108: 900 | G108: 600 | H108: beam/mts | I108: ele modty | J108: labour | K108: raceway | L108: a flap | M108: total | N108: per/psn | O108: profit | P108: rounding
E109: =E102 -> 2100 | F109: =F102 -> 1900 | G109: =G102 -> 1800 | H109: 380 | I109: =I102 -> 4000 | J109: 375 | K109: 585 | L109: =L102 -> 3500 | O109: =O102 -> 2
A110: 1 | B110: 3.6 | C110: 1.2 | D110: =B110*C110 -> 4.32 | I110: 2 | J110: =A110 -> 1 | K110: =B110 -> 3.6 | L110: =L103 -> 3
D111: =D69 -> 9500 | E111: 2 | F111: 0 | G111: 0 | H111: =B110*2 -> 7.2
D112: =D110*D111 -> 41040 | E112: =E111*E109 -> 4200 | F112: =F109*F111 -> 0 | G112: =G109*G111 -> 0 | H112: =H109*H111 -> 2736 | I112: =I109*I110 -> 8000 | J112: =J109*J110 -> 375 | K112: =K109*K110 -> 2106 | L112: =L109*L110 -> 10500 | M112: =SUM(D112:L112) -> 68957 | N112: =M112/A110 -> 68957 | O112: =N112*O109 -> 137914 | P112: =MROUND(O112,100) -> 137900
A114: =PRICELIST!I438 -> MTFLX-LG-LVP-3600-1200
A115: users | B115: length | C115: w | D115: total top | E115: 1200 | F115: 900 | G115: 600 | H115: beam/mts | I115: ele modty | J115: labour | K115: raceway | L115: a flap | M115: total | N115: per/psn | O115: profit | P115: rounding
E116: =E109 -> 2100 | F116: =F109 -> 1900 | G116: =G109 -> 1800 | H116: 380 | I116: =I109 -> 4000 | J116: 375 | K116: 585 | L116: =L109 -> 3500 | O116: =O109 -> 2
...

Sheet CALC LUX MEETING
A1: PRELAM PARTICLE BOARD/PRELAM MDF SIDE UNITS
A2: =PRICELIST!I470 -> MTLP-MD-PB-2400-1200
A3: users | B3: length | C3: w | D3: total top | E3: LOOP LEG | F3: beam/mts | G3: ele modty | H3: labour | I3: raceway | J3: a flap | K3: total | L3: per/psn | M3: profit | N3: rounding
E4: ='MASTER DATA'!E9 -> 12500 | F4: 380 | G4: ='MASTER DATA'!I4 -> 4000 | H4: 1000 | I4: 585 | J4: ='MASTER DATA'!G7 -> 3500 | M4: ='MASTER DATA'!C16 -> 2
A5: 1 | B5: 2.4 | C5: 1.2 | D5: =B5*C5 -> 2.88 | G5: 1 | H5: =A5 -> 1 | I5: =B5 -> 2.4 | J5: 2
D6: ='MASTER DATA'!C3 -> 2200 | E6: 4 | F6: =B5*2 -> 4.8
D7: =D5*D6 -> 6336 | E7: =E6*E4 -> 50000 | F7: =F4*F6 -> 1824 | G7: =G4*G5 -> 4000 | H7: =H4*H5 -> 1000 | I7: =I4*I5 -> 1404 | J7: =J4*J5 -> 7000 | K7: =SUM(D7:J7) -> 71564 | L7: =K7/A5 -> 71564 | M7: =L7*M4 -> 143128 | N7: =MROUND(M7,100) -> 143100
A9: =PRICELIST!I471 -> MTLP-MD-PLM-2400-1200
A10: users | B10: length | C10: w | D10: total top | E10: LOOP LEG | F10: beam/mts | G10: ele modty | H10: labour | I10: raceway | J10: a flap | K10: total | L10: per/psn | M10: profit | N10: rounding
E11: =E4 -> 12500 | F11: 380 | G11: =G4 -> 4000 | H11: =H4 -> 1000 | I11: 585 | J11: =J4 -> 3500 | M11: =M4 -> 2
A12: 1 | B12: 2.4 | C12: 1.2 | D12: =B12*C12 -> 2.88 | G12: 1 | H12: =A12 -> 1 | I12: =B12 -> 2.4 | J12: =J5 -> 2
D13: ='MASTER DATA'!C4 -> 3000 | E13: 4 | F13: =B12*2 -> 4.8
D14: =D12*D13 -> 8640 | E14: =E13*E11 -> 50000 | F14: =F11*F13 -> 1824 | G14: =G11*G12 -> 4000 | H14: =H11*H12 -> 1000 | I14: =I11*I12 -> 1404 | J14: =J11*J12 -> 7000 | K14: =SUM(D14:J14) -> 73868 | L14: =K14/A12 -> 73868 | M14: =L14*M11 -> 147736 | N14: =MROUND(M14,100) -> 147700
A16: =PRICELIST!I472 -> MTLP-MD-PoLM-2400-1200
A17: users | B17: length | C17: w | D17: total top | E17: LOOP LEG | F17: beam/mts | G17: ele modty | H17: labour | I17: raceway | J17: a flap | K17: total | L17: per/psn | M17: profit | N17: rounding
E18: =E11 -> 12500 | F18: 380 | G18: =G11 -> 4000 | H18: =H11 -> 1000 | I18: 585 | J18: =J11 -> 3500 | M18: =M11 -> 2
A19: 1 | B19: 2.4 | C19: 1.2 | D19: =B19*C19 -> 2.88 | G19: 1 | H19: =A19 -> 1 | I19: =B19 -> 2.4 | J19: =J12 -> 2
D20: ='MASTER DATA'!C5 -> 7500 | E20: 4 | F20: =B19*2 -> 4.8
D21: =D19*D20 -> 21600 | E21: =E20*E18 -> 50000 | F21: =F18*F20 -> 1824 | G21: =G18*G19 -> 4000 | H21: =H18*H19 -> 1000 | I21: =I18*I19 -> 1404 | J21: =J18*J19 -> 7000 | K21: =SUM(D21:J21) -> 86828 | L21: =K21/A19 -> 86828 | M21: =L21*M18 -> 173656 | N21: =MROUND(M21,100) -> 173700
A23: =PRICELIST!I473 -> MTLP-MD-LVM-2400-1200
A24: users | B24: length | C24: w | D24: total top | E24: LOOP LEG | F24: beam/mts | G24: ele modty | H24: labour | I24: raceway | J24: a flap | K24: total | L24: per/psn | M24: profit | N24: rounding
E25: =E18 -> 12500 | F25: 380 | G25: =G18 -> 4000 | H25: =H18 -> 1000 | I25: 585 | J25: =J18 -> 3500 | M25: =M18 -> 2
A26: 1 | B26: 2.4 | C26: 1.2 | D26: =B26*C26 -> 2.88 | G26: 1 | H26: =A26 -> 1 | I26: =B26 -> 2.4 | J26: =J19 -> 2
D27: ='MASTER DATA'!C6 -> 9500 | E27: 4 | F27: =B26*2 -> 4.8
D28: =D26*D27 -> 27360 | E28: =E27*E25 -> 50000 | F28: =F25*F27 -> 1824 | G28: =G25*G26 -> 4000 | H28: =H25*H26 -> 1000 | I28: =I25*I26 -> 1404 | J28: =J25*J26 -> 7000 | K28: =SUM(D28:J28) -> 92588 | L28: =K28/A26 -> 92588 | M28: =L28*M25 -> 185176 | N28: =MROUND(M28,100) -> 185200
A30: =PRICELIST!I474 -> MTLP-MD-LVP-2400-1200
A31: users | B31: length | C31: w | D31: total top | E31: LOOP LEG | F31: beam/mts | G31: ele modty | H31: labour | I31: raceway | J31: a flap | K31: total | L31: per/psn | M31: profit | N31: rounding
E32: =E25 -> 12500 | F32: 380 | G32: =G25 -> 4000 | H32: =H25 -> 1000 | I32: 585 | J32: =J25 -> 3500 | M32: =M25 -> 2
A33: 1 | B33: 2.4 | C33: 1.2 | D33: =B33*C33 -> 2.88 | G33: 1 | H33: =A33 -> 1 | I33: =B33 -> 2.4 | J33: =J26 -> 2
D34: ='MASTER DATA'!C7 -> 10500 | E34: 4 | F34: =B33*2 -> 4.8
D35: =D33*D34 -> 30240 | E35: =E34*E32 -> 50000 | F35: =F32*F34 -> 1824 | G35: =G32*G33 -> 4000 | H35: =H32*H33 -> 1000 | I35: =I32*I33 -> 1404 | J35: =J32*J33 -> 7000 | K35: =SUM(D35:J35) -> 95468 | L35: =K35/A33 -> 95468 | M35: =L35*M32 -> 190936 | N35: =MROUND(M35,100) -> 190900
A37: =PRICELIST!I475 -> MTLP-MD-VNR-2400-1200
A38: users | B38: length | C38: w | D38: total top | E38: LOOP LEG | F38: beam/mts | G38: ele modty | H38: labour | I38: raceway | J38: a flap | K38: total | L38: per/psn | M38: profit | N38: rounding
E39: =E32 -> 12500 | F39: 380 | G39: =G32 -> 4000 | H39: =H32 -> 1000 | I39: 585 | J39: =J32 -> 3500 | M39: =M32 -> 2
A40: 1 | B40: 2.4 | C40: 1.2 | D40: =B40*C40 -> 2.88 | G40: 1 | H40: =A40 -> 1 | I40: =B40 -> 2.4 | J40: =J33 -> 2
D41: ='MASTER DATA'!C8 -> 30000 | E41: 4 | F41: =B40*2 -> 4.8
D42: =D40*D41 -> 86400 | E42: =E41*E39 -> 50000 | F42: =F39*F41 -> 1824 | G42: =G39*G40 -> 4000 | H42: =H39*H40 -> 1000 | I42: =I39*I40 -> 1404 | J42: =J39*J40 -> 7000 | K42: =SUM(D42:J42) -> 151628 | L42: =K42/A40 -> 151628 | M42: =L42*M39 -> 303256 | N42: =MROUND(M42,100) -> 303300
A44: =PRICELIST!I476 -> MTLP-MD-MBL-2400-1200
A45: users | B45: length | C45: w | D45: total top | E45: LOOP LEG | F45: beam/mts | G45: ele modty | H45: labour | I45: raceway | J45: a flap | K45: total | L45: per/psn | M45: profit | N45: rounding
E46: =E39 -> 12500 | F46: 380 | G46: =G39 -> 4000 | H46: =H39 -> 1000 | I46: 585 | J46: =J39 -> 3500 | M46: =M39 -> 2
A47: 1 | B47: 2.4 | C47: 1.2 | D47: =B47*C47 -> 2.88 | G47: 1 | H47: =A47 -> 1 | I47: =B47 -> 2.4 | J47: 3
D48: ='MASTER DATA'!C11 -> 37500 | E48: 4 | F48: =B47*2 -> 4.8
D49: =D47*D48 -> 108000 | E49: =E48*E46 -> 50000 | F49: =F46*F48 -> 1824 | G49: =G46*G47 -> 4000 | H49: =H46*H47 -> 1000 | I49: =I46*I47 -> 1404 | J49: =J46*J47 -> 10500 | K49: =SUM(D49:J49) -> 176728 | L49: =K49/A47 -> 176728 | M49: =L49*M46 -> 353456 | N49: =MROUND(M49,100) -> 353500
A51: =PRICELIST!I477 -> MTLP-MD-GL-2400-1200
A52: users | B52: length | C52: w | D52: total top | E52: LOOP LEG | F52: beam/mts | G52: ele modty | H52: labour | I52: raceway | J52: a flap | K52: total | L52: per/psn | M52: profit | N52: rounding
E53: =E46 -> 12500 | F53: 380 | G53: =G46 -> 4000 | H53: =H46 -> 1000 | I53: 585 | J53: =J46 -> 3500 | M53: =M46 -> 2
A54: 1 | B54: 2.4 | C54: 1.2 | D54: =B54*C54 -> 2.88 | G54: 1 | H54: =A54 -> 1 | I54: =B54 -> 2.4 | J54: =J47 -> 3
D55: ='MASTER DATA'!C9 -> 7500 | E55: 4 | F55: =B54*2 -> 4.8
D56: =D54*D55 -> 21600 | E56: =E55*E53 -> 50000 | F56: =F53*F55 -> 1824 | G56: =G53*G54 -> 4000 | H56: =H53*H54 -> 1000 | I56: =I53*I54 -> 1404 | J56: =J53*J54 -> 10500 | K56: =SUM(D56:J56) -> 90328 | L56: =K56/A54 -> 90328 | M56: =L56*M53 -> 180656 | N56: =MROUND(M56,100) -> 180700
A58: =PRICELIST!I478 -> MTLP-LG-PB-3600-1200
A59: users | B59: length | C59: w | D59: total top | E59: LOOP LEG | F59: beam/mts | G59: ele modty | H59: labour | I59: raceway | J59: a flap | K59: total | L59: per/psn | M59: profit | N59: rounding
E60: =E53 -> 12500 | F60: 380 | G60: =G53 -> 4000 | H60: =H53 -> 1000 | I60: 585 | J60: =J53 -> 3500 | M60: =M53 -> 2
A61: 1 | B61: 3.6 | C61: 1.2 | D61: =B61*C61 -> 4.32 | G61: 2 | H61: =A61 -> 1 | I61: =B61 -> 3.6 | J61: =J54 -> 3
D62: =D6 -> 2200 | E62: 4 | F62: =B61*2 -> 7.2
D63: =D61*D62 -> 9504 | E63: =E62*E60 -> 50000 | F63: =F60*F62 -> 2736 | G63: =G60*G61 -> 8000 | H63: =H60*H61 -> 1000 | I63: =I60*I61 -> 2106 | J63: =J60*J61 -> 10500 | K63: =SUM(D63:J63) -> 83846 | L63: =K63/A61 -> 83846 | M63: =L63*M60 -> 167692 | N63: =MROUND(M63,100) -> 167700
A65: =PRICELIST!I479 -> MTLP-LG-PLM-3600-1200
A66: users | B66: length | C66: w | D66: total top | E66: LOOP LEG | F66: beam/mts | G66: ele modty | H66: labour | I66: raceway | J66: a flap | K66: total | L66: per/psn | M66: profit | N66: rounding
E67: =E60 -> 12500 | F67: 380 | G67: =G60 -> 4000 | H67: =H60 -> 1000 | I67: 585 | J67: =J60 -> 3500 | M67: =M60 -> 2
A68: 1 | B68: 3.6 | C68: 1.2 | D68: =B68*C68 -> 4.32 | G68: 2 | H68: =A68 -> 1 | I68: =B68 -> 3.6 | J68: =J61 -> 3
D69: =D13 -> 3000 | E69: 4 | F69: =B68*2 -> 7.2
D70: =D68*D69 -> 12960 | E70: =E69*E67 -> 50000 | F70: =F67*F69 -> 2736 | G70: =G67*G68 -> 8000 | H70: =H67*H68 -> 1000 | I70: =I67*I68 -> 2106 | J70: =J67*J68 -> 10500 | K70: =SUM(D70:J70) -> 87302 | L70: =K70/A68 -> 87302 | M70: =L70*M67 -> 174604 | N70: =MROUND(M70,100) -> 174600
A72: =PRICELIST!I480 -> MTLP-LG-PoLM-3600-1200
A73: users | B73: length | C73: w | D73: total top | E73: LOOP LEG | F73: beam/mts | G73: ele modty | H73: labour | I73: raceway | J73: a flap | K73: total | L73: per/psn | M73: profit | N73: rounding
E74: =E67 -> 12500 | F74: 380 | G74: =G67 -> 4000 | H74: =H67 -> 1000 | I74: 585 | J74: =J67 -> 3500 | M74: =M67 -> 2
A75: 1 | B75: 3.6 | C75: 1.2 | D75: =B75*C75 -> 4.32 | G75: 2 | H75: =A75 -> 1 | I75: =B75 -> 3.6 | J75: =J68 -> 3
D76: =D20 -> 7500 | E76: 4 | F76: =B75*2 -> 7.2
D77: =D75*D76 -> 32400 | E77: =E76*E74 -> 50000 | F77: =F74*F76 -> 2736 | G77: =G74*G75 -> 8000 | H77: =H74*H75 -> 1000 | I77: =I74*I75 -> 2106 | J77: =J74*J75 -> 10500 | K77: =SUM(D77:J77) -> 106742 | L77: =K77/A75 -> 106742 | M77: =L77*M74 -> 213484 | N77: =MROUND(M77,100) -> 213500
A79: =PRICELIST!I481 -> MTLP-LG-LVM-3600-1200
A80: users | B80: length | C80: w | D80: total top | E80: LOOP LEG | F80: beam/mts | G80: ele modty | H80: labour | I80: raceway | J80: a flap | K80: total | L80: per/psn | M80: profit | N80: rounding
E81: =E74 -> 12500 | F81: 380 | G81: =G74 -> 4000 | H81: =H74 -> 1000 | I81: 585 | J81: =J74 -> 3500 | M81: =M74 -> 2
A82: 1 | B82: 3.6 | C82: 1.2 | D82: =B82*C82 -> 4.32 | G82: 2 | H82: =A82 -> 1 | I82: =B82 -> 3.6 | J82: =J75 -> 3
D83: =D27 -> 9500 | E83: 4 | F83: =B82*2 -> 7.2
D84: =D82*D83 -> 41040 | E84: =E83*E81 -> 50000 | F84: =F81*F83 -> 2736 | G84: =G81*G82 -> 8000 | H84: =H81*H82 -> 1000 | I84: =I81*I82 -> 2106 | J84: =J81*J82 -> 10500 | K84: =SUM(D84:J84) -> 115382 | L84: =K84/A82 -> 115382 | M84: =L84*M81 -> 230764 | N84: =MROUND(M84,100) -> 230800
A86: =PRICELIST!I482 -> MTLP-LG-LVP-3600-1200
A87: users | B87: length | C87: w | D87: total top | E87: LOOP LEG | F87: beam/mts | G87: ele modty | H87: labour | I87: raceway | J87: a flap | K87: total | L87: per/psn | M87: profit | N87: rounding
E88: =E81 -> 12500 | F88: 380 | G88: =G81 -> 4000 | H88: =H81 -> 1000 | I88: 585 | J88: =J81 -> 3500 | M88: =M81 -> 2
A89: 1 | B89: 3.6 | C89: 1.2 | D89: =B89*C89 -> 4.32 | G89: 2 | H89: =A89 -> 1 | I89: =B89 -> 3.6 | J89: =J82 -> 3
D90: =D34 -> 10500 | E90: 4 | F90: =B89*2 -> 7.2
D91: =D89*D90 -> 45360 | E91: =E90*E88 -> 50000 | F91: =F88*F90 -> 2736 | G91: =G88*G89 -> 8000 | H91: =H88*H89 -> 1000 | I91: =I88*I89 -> 2106 | J91: =J88*J89 -> 10500 | K91: =SUM(D91:J91) -> 119702 | L91: =K91/A89 -> 119702 | M91: =L91*M88 -> 239404 | N91: =MROUND(M91,100) -> 239400
A93: =PRICELIST!I483 -> MTLP-LG-VNR-3600-1200
A94: users | B94: length | C94: w | D94: total top | E94: LOOP LEG | F94: beam/mts | G94: ele modty | H94: labour | I94: raceway | J94: a flap | K94: total | L94: per/psn | M94: profit | N94: rounding
E95: =E88 -> 12500 | F95: 380 | G95: =G88 -> 4000 | H95: =H88 -> 1000 | I95: 585 | J95: =J88 -> 3500 | M95: =M88 -> 2
A96: 1 | B96: 3.6 | C96: 1.2 | D96: =B96*C96 -> 4.32 | G96: 2 | H96: =A96 -> 1 | I96: =B96 -> 3.6 | J96: =J89 -> 3
D97: =D41 -> 30000 | E97: 4 | F97: =B96*2 -> 7.2
D98: =D96*D97 -> 129600 | E98: =E97*E95 -> 50000 | F98: =F95*F97 -> 2736 | G98: =G95*G96 -> 8000 | H98: =H95*H96 -> 1000 | I98: =I95*I96 -> 2106 | J98: =J95*J96 -> 10500 | K98: =SUM(D98:J98) -> 203942 | L98: =K98/A96 -> 203942 | M98: =L98*M95 -> 407884 | N98: =MROUND(M98,100) -> 407900
A100: =PRICELIST!I484 -> MTLP-LG-MBL-3600-1200
A101: users | B101: length | C101: w | D101: total top | E101: LOOP LEG | F101: beam/mts | G101: ele modty | H101: labour | I101: raceway | J101: a flap | K101: total | L101: per/psn | M101: profit | N101: rounding
E102: =E95 -> 12500 | F102: 380 | G102: =G95 -> 4000 | H102: =H95 -> 1000 | I102: 585 | J102: =J95 -> 3500 | M102: =M95 -> 2
A103: 1 | B103: 3.6 | C103: 1.2 | D103: =B103*C103 -> 4.32 | G103: 2 | H103: =A103 -> 1 | I103: =B103 -> 3.6 | J103: =J96 -> 3
D104: =D48 -> 37500 | E104: 4 | F104: =B103*2 -> 7.2
D105: =D103*D104 -> 162000 | E105: =E104*E102 -> 50000 | F105: =F102*F104 -> 2736 | G105: =G102*G103 -> 8000 | H105: =H102*H103 -> 1000 | I105: =I102*I103 -> 2106 | J105: =J102*J103 -> 10500 | K105: =SUM(D105:J105) -> 236342 | L105: =K105/A103 -> 236342 | M105: =L105*M102 -> 472684 | N105: =MROUND(M105,100) -> 472700
A107: =PRICELIST!I485 -> MTLP-LG-GL-3600-1200
A108: users | B108: length | C108: w | D108: total top | E108: LOOP LEG | F108: beam/mts | G108: ele modty | H108: labour | I108: raceway | J108: a flap | K108: total | L108: per/psn | M108: profit | N108: rounding
E109: =E102 -> 12500 | F109: 380 | G109: =G102 -> 4000 | H109: =H102 -> 1000 | I109: 585 | J109: =J102 -> 3500 | M109: =M102 -> 2
A110: 1 | B110: 3.6 | C110: 1.2 | D110: =B110*C110 -> 4.32 | G110: 2 | H110: =A110 -> 1 | I110: =B110 -> 3.6 | J110: =J103 -> 3
D111: =D55 -> 7500 | E111: 4 | F111: =B110*2 -> 7.2
D112: =D110*D111 -> 32400 | E112: =E111*E109 -> 50000 | F112: =F109*F111 -> 2736 | G112: =G109*G110 -> 8000 | H112: =H109*H110 -> 1000 | I112: =I109*I110 -> 2106 | J112: =J109*J110 -> 10500 | K112: =SUM(D112:J112) -> 106742 | L112: =K112/A110 -> 106742 | M112: =L112*M109 -> 213484 | N112: =MROUND(M112,100) -> 213500
A114: =PRICELIST!I486 -> MTLP-XL-PB-4800-1200
A115: users | B115: length | C115: w | D115: total top | E115: LOOP LEG | F115: beam/mts | G115: ele modty | H115: labour | I115: raceway | J115: a flap | K115: total | L115: per/psn | M115: profit | N115: rounding
E116: =E109 -> 12500 | F116: 380 | G116: =G109 -> 4000 | H116: =H109 -> 1000 | I116: 585 | J116: =J109 -> 3500 | M116: =M109 -> 2
...

Sheet CALC CABINS
A1: FLEXI CABINS
A2: =PRICELIST!I544 -> CBFLX-RST-PB-1500x600+1800
A3: users | B3: length | C3: w | D3: total top | E3: SIDE UNIT | F3: 900 | G3: 600 | H3: beam/mts | I3: VERTEBRA | J3: labour | K3: raceway | L3: a flap | M3: total | N3: per/psn | O3: profit | P3: rounding
C4: APR INC | E4: 6 | F4: ='MASTER DATA'!E4 -> 1900 | G4: ='MASTER DATA'!E3 -> 1800 | H4: 380 | I4: ='MASTER DATA'!I5 -> 1500 | J4: 1000 | K4: 585 | L4: ='MASTER DATA'!G3 -> 1500 | O4: ='MASTER DATA'!C16 -> 2
A5: 1 | B5: 1.5 | C5: =0.6+0.3 -> 0.9 | D5: =B5*C5 -> 1.35 | E5: 2.5 | I5: 1 | J5: =A5 -> 1 | K5: 0 | L5: 1
D6: ='MASTER DATA'!C3 -> 2200 | E6: ='MASTER DATA'!M3 -> 1000 | F6: 0 | G6: 1 | H6: =B5*2 -> 3
D7: =D5*D6 -> 2970 | E7: =E6*E4 -> 6000 | F7: =F4*F6 -> 0 | G7: =G4*G6 -> 1800 | H7: =H4*H6 -> 1140 | I7: =I4*I5 -> 1500 | J7: =J4*J5 -> 1000 | K7: =K4*K5 -> 0 | L7: =L4*L5 -> 1500 | M7: =SUM(D7:L7) -> 15910 | N7: =M7/A5 -> 15910 | O7: =N7*O4 -> 31820 | P7: =MROUND(O7,100) -> 31800
A9: =PRICELIST!I545 -> CBFLX-RST-PLM-1500x600+1800
A10: users | B10: length | C10: w | D10: total top | E10: SIDE UNIT | F10: 900 | G10: 600 | H10: beam/mts | I10: VERTEBRA | J10: labour | K10: raceway | L10: a flap | M10: total | N10: per/psn | O10: profit | P10: rounding
C11: APR INC | E11: 6 | F11: =F4 -> 1900 | G11: =G4 -> 1800 | H11: 380 | I11: =I4 -> 1500 | J11: =J4 -> 1000 | K11: 585 | L11: =L4 -> 1500 | O11: =O4 -> 2
A12: 1 | B12: 1.5 | C12: =0.6+0.3 -> 0.9 | D12: =B12*C12 -> 1.35 | E12: 2.5 | I12: 1 | J12: =A12 -> 1 | K12: =K5 -> 0 | L12: =L5 -> 1
D13: ='MASTER DATA'!C4 -> 3000 | E13: =E6 -> 1000 | F13: 0 | G13: 1 | H13: =B12*2 -> 3
D14: =D12*D13 -> 4050 | E14: =E13*E11 -> 6000 | F14: =F11*F13 -> 0 | G14: =G11*G13 -> 1800 | H14: =H11*H13 -> 1140 | I14: =I11*I12 -> 1500 | J14: =J11*J12 -> 1000 | K14: =K11*K12 -> 0 | L14: =L11*L12 -> 1500 | M14: =SUM(D14:L14) -> 16990 | N14: =M14/A12 -> 16990 | O14: =N14*O11 -> 33980 | P14: =MROUND(O14,100) -> 34000
A16: =PRICELIST!I546 -> CBFLX-RST-PoLM-1500x600+1800
A17: users | B17: length | C17: w | D17: total top | E17: SIDE UNIT | F17: 900 | G17: 600 | H17: beam/mts | I17: VERTEBRA | J17: labour | K17: raceway | L17: a flap | M17: total | N17: per/psn | O17: profit | P17: rounding
C18: APR INC | E18: 6 | F18: =F11 -> 1900 | G18: =G11 -> 1800 | H18: 380 | I18: =I11 -> 1500 | J18: =J11 -> 1000 | K18: 585 | L18: =L11 -> 1500 | O18: =O11 -> 2
A19: 1 | B19: 1.5 | C19: =0.6+0.3 -> 0.9 | D19: =B19*C19 -> 1.35 | E19: 2.5 | I19: 1 | J19: =A19 -> 1 | K19: =K12 -> 0 | L19: =L12 -> 1
D20: ='MASTER DATA'!C5 -> 7500 | E20: =E13 -> 1000 | F20: 0 | G20: 1 | H20: =B19*2 -> 3
D21: =D19*D20 -> 10125 | E21: =E20*E18 -> 6000 | F21: =F18*F20 -> 0 | G21: =G18*G20 -> 1800 | H21: =H18*H20 -> 1140 | I21: =I18*I19 -> 1500 | J21: =J18*J19 -> 1000 | K21: =K18*K19 -> 0 | L21: =L18*L19 -> 1500 | M21: =SUM(D21:L21) -> 23065 | N21: =M21/A19 -> 23065 | O21: =N21*O18 -> 46130 | P21: =MROUND(O21,100) -> 46100
A23: =PRICELIST!I547 -> CBFLX-RST-LVM-1500x600+1800
A24: users | B24: length | C24: w | D24: total top | E24: SIDE UNIT | F24: 900 | G24: 600 | H24: beam/mts | I24: VERTEBRA | J24: labour | K24: raceway | L24: a flap | M24: total | N24: per/psn | O24: profit | P24: rounding
C25: APR INC | E25: 6 | F25: =F18 -> 1900 | G25: =G18 -> 1800 | H25: 380 | I25: =I18 -> 1500 | J25: =J18 -> 1000 | K25: 585 | L25: =L18 -> 1500 | O25: =O18 -> 2
A26: 1 | B26: 1.5 | C26: =0.6+0.3 -> 0.9 | D26: =B26*C26 -> 1.35 | E26: 2.5 | I26: 1 | J26: =A26 -> 1 | K26: =K19 -> 0 | L26: =L19 -> 1
D27: ='MASTER DATA'!C6 -> 9500 | E27: ='MASTER DATA'!M4 -> 1500 | F27: 0 | G27: 1 | H27: =B26*2 -> 3
D28: =D26*D27 -> 12825 | E28: =E27*E25 -> 9000 | F28: =F25*F27 -> 0 | G28: =G25*G27 -> 1800 | H28: =H25*H27 -> 1140 | I28: =I25*I26 -> 1500 | J28: =J25*J26 -> 1000 | K28: =K25*K26 -> 0 | L28: =L25*L26 -> 1500 | M28: =SUM(D28:L28) -> 28765 | N28: =M28/A26 -> 28765 | O28: =N28*O25 -> 57530 | P28: =MROUND(O28,100) -> 57500
A30: =PRICELIST!I548 -> CBFLX-RST-LVP-1500x600+1800
A31: users | B31: length | C31: w | D31: total top | E31: SIDE UNIT | F31: 900 | G31: 600 | H31: beam/mts | I31: VERTEBRA | J31: labour | K31: raceway | L31: a flap | M31: total | N31: per/psn | O31: profit | P31: rounding
C32: APR INC | E32: 6 | F32: =F25 -> 1900 | G32: =G25 -> 1800 | H32: 380 | I32: =I25 -> 1500 | J32: =J25 -> 1000 | K32: 585 | L32: =L25 -> 1500 | O32: =O25 -> 2
A33: 1 | B33: 1.5 | C33: =0.6+0.3 -> 0.9 | D33: =B33*C33 -> 1.35 | E33: 2.5 | I33: 1 | J33: =A33 -> 1 | K33: =K26 -> 0 | L33: =L26 -> 1
D34: ='MASTER DATA'!C7 -> 10500 | E34: =E27 -> 1500 | F34: 0 | G34: 1 | H34: =B33*2 -> 3
D35: =D33*D34 -> 14175 | E35: =E34*E32 -> 9000 | F35: =F32*F34 -> 0 | G35: =G32*G34 -> 1800 | H35: =H32*H34 -> 1140 | I35: =I32*I33 -> 1500 | J35: =J32*J33 -> 1000 | K35: =K32*K33 -> 0 | L35: =L32*L33 -> 1500 | M35: =SUM(D35:L35) -> 30115 | N35: =M35/A33 -> 30115 | O35: =N35*O32 -> 60230 | P35: =MROUND(O35,100) -> 60200
A37: =PRICELIST!I549 -> CBFLX-RST-VNR-1500x600+1800
A38: users | B38: length | C38: w | D38: total top | E38: SIDE UNIT | F38: 900 | G38: 600 | H38: beam/mts | I38: VERTEBRA | J38: labour | K38: raceway | L38: a flap | M38: total | N38: per/psn | O38: profit | P38: rounding
C39: APR INC | E39: 6 | F39: =F32 -> 1900 | G39: =G32 -> 1800 | H39: 380 | I39: =I32 -> 1500 | J39: =J32 -> 1000 | K39: 585 | L39: =L32 -> 1500 | O39: =O32 -> 2
A40: 1 | B40: 1.5 | C40: =0.6+0.3 -> 0.9 | D40: =B40*C40 -> 1.35 | E40: 2.5 | I40: 1 | J40: =A40 -> 1 | K40: =K33 -> 0 | L40: =L33 -> 1
D41: ='MASTER DATA'!C8 -> 30000 | E41: =E34 -> 1500 | F41: 0 | G41: 1 | H41: =B40*2 -> 3
D42: =D40*D41 -> 40500 | E42: =E41*E39 -> 9000 | F42: =F39*F41 -> 0 | G42: =G39*G41 -> 1800 | H42: =H39*H41 -> 1140 | I42: =I39*I40 -> 1500 | J42: =J39*J40 -> 1000 | K42: =K39*K40 -> 0 | L42: =L39*L40 -> 1500 | M42: =SUM(D42:L42) -> 56440 | N42: =M42/A40 -> 56440 | O42: =N42*O39 -> 112880 | P42: =MROUND(O42,100) -> 112900
A44: =PRICELIST!I550 -> CBFLX-RST-GL-1500x600+1800
A45: users | B45: length | C45: w | D45: total top | E45: SIDE UNIT | F45: 900 | G45: 600 | H45: beam/mts | I45: VERTEBRA | J45: labour | K45: raceway | L45: a flap | M45: total | N45: per/psn | O45: profit | P45: rounding
C46: APR INC | E46: 6 | F46: =F39 -> 1900 | G46: =G39 -> 1800 | H46: 380 | I46: =I39 -> 1500 | J46: =J39 -> 1000 | K46: 585 | L46: =L39 -> 1500 | O46: =O39 -> 2
A47: 1 | B47: 1.5 | C47: =0.6+0.3 -> 0.9 | D47: =B47*C47 -> 1.35 | E47: 2.5 | I47: 1 | J47: =A47 -> 1 | K47: =K40 -> 0 | L47: =L40 -> 1
D48: ='MASTER DATA'!C9 -> 7500 | E48: =E41 -> 1500 | F48: 0 | G48: 1 | H48: =B47*2 -> 3
D49: =D47*D48 -> 10125 | E49: =E48*E46 -> 9000 | F49: =F46*F48 -> 0 | G49: =G46*G48 -> 1800 | H49: =H46*H48 -> 1140 | I49: =I46*I47 -> 1500 | J49: =J46*J47 -> 1000 | K49: =K46*K47 -> 0 | L49: =L46*L47 -> 1500 | M49: =SUM(D49:L49) -> 26065 | N49: =M49/A47 -> 26065 | O49: =N49*O46 -> 52130 | P49: =MROUND(O49,100) -> 52100
A51: =PRICELIST!I551 -> CBFLX-RST-PB-1800x750+1800
A52: users | B52: length | C52: w | D52: total top | E52: SIDE UNIT | F52: 900 | G52: 600 | H52: beam/mts | I52: VERTEBRA | J52: labour | K52: raceway | L52: a flap | M52: total | N52: per/psn | O52: profit | P52: rounding
C53: APR INC | E53: 6 | F53: =F46 -> 1900 | G53: =G46 -> 1800 | H53: 380 | I53: =I46 -> 1500 | J53: =J46 -> 1000 | K53: 585 | L53: =L46 -> 1500 | O53: =O46 -> 2
A54: 1 | B54: 1.8 | C54: =0.75+0.3 -> 1.05 | D54: =B54*C54 -> 1.89 | E54: 2.5 | I54: 1 | J54: =A54 -> 1 | K54: =K47 -> 0 | L54: =L47 -> 1
D55: =D6 -> 2200 | E55: =E6 -> 1000 | F55: 1 | G55: 0 | H55: =B54*2 -> 3.6
D56: =D54*D55 -> 4158 | E56: =E55*E53 -> 6000 | F56: =F53*F55 -> 1900 | G56: =G53*G55 -> 0 | H56: =H53*H55 -> 1368 | I56: =I53*I54 -> 1500 | J56: =J53*J54 -> 1000 | K56: =K53*K54 -> 0 | L56: =L53*L54 -> 1500 | M56: =SUM(D56:L56) -> 17426 | N56: =M56/A54 -> 17426 | O56: =N56*O53 -> 34852 | P56: =MROUND(O56,100) -> 34900
A58: =PRICELIST!I552 -> CBFLX-RST-PLM-1800x750+1800
A59: users | B59: length | C59: w | D59: total top | E59: SIDE UNIT | F59: 900 | G59: 600 | H59: beam/mts | I59: VERTEBRA | J59: labour | K59: raceway | L59: a flap | M59: total | N59: per/psn | O59: profit | P59: rounding
C60: APR INC | E60: 6 | F60: =F53 -> 1900 | G60: =G53 -> 1800 | H60: 380 | I60: =I53 -> 1500 | J60: =J53 -> 1000 | K60: 585 | L60: =L53 -> 1500 | O60: =O53 -> 2
A61: 1 | B61: 1.8 | C61: =0.75+0.3 -> 1.05 | D61: =B61*C61 -> 1.89 | E61: 2.5 | I61: 1 | J61: =A61 -> 1 | K61: =K54 -> 0 | L61: =L54 -> 1
D62: =D13 -> 3000 | E62: =E55 -> 1000 | F62: 1 | G62: 0 | H62: =B61*2 -> 3.6
D63: =D61*D62 -> 5670 | E63: =E62*E60 -> 6000 | F63: =F60*F62 -> 1900 | G63: =G60*G62 -> 0 | H63: =H60*H62 -> 1368 | I63: =I60*I61 -> 1500 | J63: =J60*J61 -> 1000 | K63: =K60*K61 -> 0 | L63: =L60*L61 -> 1500 | M63: =SUM(D63:L63) -> 18938 | N63: =M63/A61 -> 18938 | O63: =N63*O60 -> 37876 | P63: =MROUND(O63,100) -> 37900
A65: =PRICELIST!I553 -> CBFLX-RST-PoLM-1800x750+1800
A66: users | B66: length | C66: w | D66: total top | E66: SIDE UNIT | F66: 900 | G66: 600 | H66: beam/mts | I66: VERTEBRA | J66: labour | K66: raceway | L66: a flap | M66: total | N66: per/psn | O66: profit | P66: rounding
C67: APR INC | E67: 6 | F67: =F60 -> 1900 | G67: =G60 -> 1800 | H67: 380 | I67: =I60 -> 1500 | J67: =J60 -> 1000 | K67: 585 | L67: =L60 -> 1500 | O67: =O60 -> 2
A68: 1 | B68: 1.8 | C68: =0.75+0.3 -> 1.05 | D68: =B68*C68 -> 1.89 | E68: 2.5 | I68: 1 | J68: =A68 -> 1 | K68: =K61 -> 0 | L68: =L61 -> 1
D69: =D20 -> 7500 | E69: =E62 -> 1000 | F69: 1 | G69: 0 | H69: =B68*2 -> 3.6
D70: =D68*D69 -> 14175 | E70: =E69*E67 -> 6000 | F70: =F67*F69 -> 1900 | G70: =G67*G69 -> 0 | H70: =H67*H69 -> 1368 | I70: =I67*I68 -> 1500 | J70: =J67*J68 -> 1000 | K70: =K67*K68 -> 0 | L70: =L67*L68 -> 1500 | M70: =SUM(D70:L70) -> 27443 | N70: =M70/A68 -> 27443 | O70: =N70*O67 -> 54886 | P70: =MROUND(O70,100) -> 54900
A72: =PRICELIST!I554 -> CBFLX-RST-LVM-1800x750+1800
A73: users | B73: length | C73: w | D73: total top | E73: SIDE UNIT | F73: 900 | G73: 600 | H73: beam/mts | I73: VERTEBRA | J73: labour | K73: raceway | L73: a flap | M73: total | N73: per/psn | O73: profit | P73: rounding
C74: APR INC | E74: 6 | F74: =F67 -> 1900 | G74: =G67 -> 1800 | H74: 380 | I74: =I67 -> 1500 | J74: =J67 -> 1000 | K74: 585 | L74: =L67 -> 1500 | O74: =O67 -> 2
A75: 1 | B75: 1.8 | C75: =0.75+0.3 -> 1.05 | D75: =B75*C75 -> 1.89 | E75: 2.5 | I75: 1 | J75: =A75 -> 1 | K75: =K68 -> 0 | L75: =L68 -> 1
D76: =D27 -> 9500 | E76: =E34 -> 1500 | F76: 1 | G76: 0 | H76: =B75*2 -> 3.6
D77: =D75*D76 -> 17955 | E77: =E76*E74 -> 9000 | F77: =F74*F76 -> 1900 | G77: =G74*G76 -> 0 | H77: =H74*H76 -> 1368 | I77: =I74*I75 -> 1500 | J77: =J74*J75 -> 1000 | K77: =K74*K75 -> 0 | L77: =L74*L75 -> 1500 | M77: =SUM(D77:L77) -> 34223 | N77: =M77/A75 -> 34223 | O77: =N77*O74 -> 68446 | P77: =MROUND(O77,100) -> 68400
A79: =PRICELIST!I555 -> CBFLX-RST-LVP-1800x750+1800
A80: users | B80: length | C80: w | D80: total top | E80: SIDE UNIT | F80: 900 | G80: 600 | H80: beam/mts | I80: VERTEBRA | J80: labour | K80: raceway | L80: a flap | M80: total | N80: per/psn | O80: profit | P80: rounding
C81: APR INC | E81: 6 | F81: =F74 -> 1900 | G81: =G74 -> 1800 | H81: 380 | I81: =I74 -> 1500 | J81: =J74 -> 1000 | K81: 585 | L81: =L74 -> 1500 | O81: =O74 -> 2
A82: 1 | B82: 1.8 | C82: =0.75+0.3 -> 1.05 | D82: =B82*C82 -> 1.89 | E82: 2.5 | I82: 1 | J82: =A82 -> 1 | K82: =K75 -> 0 | L82: =L75 -> 1
D83: =D34 -> 10500 | E83: =E76 -> 1500 | F83: 1 | G83: 0 | H83: =B82*2 -> 3.6
D84: =D82*D83 -> 19845 | E84: =E83*E81 -> 9000 | F84: =F81*F83 -> 1900 | G84: =G81*G83 -> 0 | H84: =H81*H83 -> 1368 | I84: =I81*I82 -> 1500 | J84: =J81*J82 -> 1000 | K84: =K81*K82 -> 0 | L84: =L81*L82 -> 1500 | M84: =SUM(D84:L84) -> 36113 | N84: =M84/A82 -> 36113 | O84: =N84*O81 -> 72226 | P84: =MROUND(O84,100) -> 72200
A86: =PRICELIST!I556 -> CBFLX-RST-VNR-1800x750+1800
A87: users | B87: length | C87: w | D87: total top | E87: SIDE UNIT | F87: 900 | G87: 600 | H87: beam/mts | I87: VERTEBRA | J87: labour | K87: raceway | L87: a flap | M87: total | N87: per/psn | O87: profit | P87: rounding
C88: APR INC | E88: 6 | F88: =F81 -> 1900 | G88: =G81 -> 1800 | H88: 380 | I88: =I81 -> 1500 | J88: =J81 -> 1000 | K88: 585 | L88: =L81 -> 1500 | O88: =O81 -> 2
A89: 1 | B89: 1.8 | C89: =0.75+0.3 -> 1.05 | D89: =B89*C89 -> 1.89 | E89: 2.5 | I89: 1 | J89: =A89 -> 1 | K89: =K82 -> 0 | L89: =L82 -> 1
D90: =D41 -> 30000 | E90: =E83 -> 1500 | F90: 1 | G90: 0 | H90: =B89*2 -> 3.6
D91: =D89*D90 -> 56700 | E91: =E90*E88 -> 9000 | F91: =F88*F90 -> 1900 | G91: =G88*G90 -> 0 | H91: =H88*H90 -> 1368 | I91: =I88*I89 -> 1500 | J91: =J88*J89 -> 1000 | K91: =K88*K89 -> 0 | L91: =L88*L89 -> 1500 | M91: =SUM(D91:L91) -> 72968 | N91: =M91/A89 -> 72968 | O91: =N91*O88 -> 145936 | P91: =MROUND(O91,100) -> 145900
A93: =PRICELIST!I557 -> CBFLX-RST-GL-1800x750+1800
A94: users | B94: length | C94: w | D94: total top | E94: SIDE UNIT | F94: 900 | G94: 600 | H94: beam/mts | I94: VERTEBRA | J94: labour | K94: raceway | L94: a flap | M94: total | N94: per/psn | O94: profit | P94: rounding
C95: APR INC | E95: 6 | F95: =F88 -> 1900 | G95: =G88 -> 1800 | H95: 380 | I95: =I88 -> 1500 | J95: =J88 -> 1000 | K95: 585 | L95: =L88 -> 1500 | O95: =O88 -> 2
A96: 1 | B96: 1.8 | C96: =0.75+0.3 -> 1.05 | D96: =B96*C96 -> 1.89 | E96: 2.5 | I96: 1 | J96: =A96 -> 1 | K96: =K89 -> 0 | L96: =L89 -> 1
D97: =D48 -> 7500 | E97: =E90 -> 1500 | F97: 1 | G97: 0 | H97: =B96*2 -> 3.6
D98: =D96*D97 -> 14175 | E98: =E97*E95 -> 9000 | F98: =F95*F97 -> 1900 | G98: =G95*G97 -> 0 | H98: =H95*H97 -> 1368 | I98: =I95*I96 -> 1500 | J98: =J95*J96 -> 1000 | K98: =K95*K96 -> 0 | L98: =L95*L96 -> 1500 | M98: =SUM(D98:L98) -> 30443 | N98: =M98/A96 -> 30443 | O98: =N98*O95 -> 60886 | P98: =MROUND(O98,100) -> 60900
A100: =PRICELIST!I558 -> CBFLX-RST-PB-2100x900+1800
A101: users | B101: length | C101: w | D101: total top | E101: SIDE UNIT | F101: 900 | G101: 600 | H101: beam/mts | I101: VERTEBRA | J101: labour | K101: raceway | L101: a flap | M101: total | N101: per/psn | O101: profit | P101: rounding
C102: APR INC | E102: 6 | F102: =F95 -> 1900 | G102: =G95 -> 1800 | H102: 380 | I102: =I95 -> 1500 | J102: =J95 -> 1000 | K102: 585 | L102: =L95 -> 1500 | O102: =O95 -> 2
A103: 1 | B103: 2.1 | C103: =0.9+0.3 -> 1.2 | D103: =B103*C103 -> 2.52 | E103: 2.5 | I103: 1 | J103: =A103 -> 1 | K103: =K96 -> 0 | L103: =L96 -> 1
D104: =D55 -> 2200 | E104: =E55 -> 1000 | F104: 1 | G104: 0 | H104: =B103*2 -> 4.2
D105: =D103*D104 -> 5544 | E105: =E104*E102 -> 6000 | F105: =F102*F104 -> 1900 | G105: =G102*G104 -> 0 | H105: =H102*H104 -> 1596 | I105: =I102*I103 -> 1500 | J105: =J102*J103 -> 1000 | K105: =K102*K103 -> 0 | L105: =L102*L103 -> 1500 | M105: =SUM(D105:L105) -> 19040 | N105: =M105/A103 -> 19040 | O105: =N105*O102 -> 38080 | P105: =MROUND(O105,100) -> 38100
A107: =PRICELIST!I559 -> CBFLX-RST-PLM-2100x900+1800
A108: users | B108: length | C108: w | D108: total top | E108: SIDE UNIT | F108: 900 | G108: 600 | H108: beam/mts | I108: VERTEBRA | J108: labour | K108: raceway | L108: a flap | M108: total | N108: per/psn | O108: profit | P108: rounding
C109: APR INC | E109: 6 | F109: =F102 -> 1900 | G109: =G102 -> 1800 | H109: 380 | I109: =I102 -> 1500 | J109: =J102 -> 1000 | K109: 585 | L109: =L102 -> 1500 | O109: =O102 -> 2
A110: 1 | B110: 2.1 | C110: =0.9+0.3 -> 1.2 | D110: =B110*C110 -> 2.52 | E110: 2.5 | I110: 1 | J110: =A110 -> 1 | K110: =K103 -> 0 | L110: =L103 -> 1
D111: =D62 -> 3000 | E111: =E104 -> 1000 | F111: 1 | G111: 0 | H111: =B110*2 -> 4.2
D112: =D110*D111 -> 7560 | E112: =E111*E109 -> 6000 | F112: =F109*F111 -> 1900 | G112: =G109*G111 -> 0 | H112: =H109*H111 -> 1596 | I112: =I109*I110 -> 1500 | J112: =J109*J110 -> 1000 | K112: =K109*K110 -> 0 | L112: =L109*L110 -> 1500 | M112: =SUM(D112:L112) -> 21056 | N112: =M112/A110 -> 21056 | O112: =N112*O109 -> 42112 | P112: =MROUND(O112,100) -> 42100
A114: =PRICELIST!I560 -> CBFLX-RST-PoLM-2100x900+1800
A115: users | B115: length | C115: w | D115: total top | E115: SIDE UNIT | F115: 900 | G115: 600 | H115: beam/mts | I115: VERTEBRA | J115: labour | K115: raceway | L115: a flap | M115: total | N115: per/psn | O115: profit | P115: rounding
C116: APR INC | E116: 6 | F116: =F109 -> 1900 | G116: =G109 -> 1800 | H116: 380 | I116: =I109 -> 1500 | J116: =J109 -> 1000 | K116: 585 | L116: =L109 -> 1500 | O116: =O109 -> 2
...
